Date,Day,Stadium,Team,Position,Back_Number,Name,Substitute,Goal,Assist,Shoot,Foul,Yellow_Card,Sending_Off,Corner_Kick,Off-side
2018-01-11,목,쿤산 스포츠 센터,대한민국,GK,1,강현무,,0,0,0,0,0,0,0,0
2018-01-11,목,쿤산 스포츠 센터,대한민국,DF,19,국태정,김문환,0,0,0,1,0,0,0,0
2018-01-11,목,쿤산 스포츠 센터,대한민국,DF,5,황현수,,0,0,1,1,0,0,0,0
2018-01-11,목,쿤산 스포츠 센터,대한민국,DF,22,이상민,,0,0,0,0,0,0,0,0
2018-01-11,목,쿤산 스포츠 센터,대한민국,DF,2,박재우,,0,0,1,0,0,0,1,0
2018-01-11,목,쿤산 스포츠 센터,대한민국,MF,7,김문환,,0,0,0,0,0,0,0,0
2018-01-11,목,쿤산 스포츠 센터,대한민국,MF,11,조영욱,,1,0,1,2,0,0,0,0
2018-01-11,목,쿤산 스포츠 센터,대한민국,MF,6,황기욱,,0,0,0,6,0,0,0,0
2018-01-11,목,쿤산 스포츠 센터,대한민국,MF,10,윤승원,,0,1,1,0,0,0,0,0
2018-01-11,목,쿤산 스포츠 센터,대한민국,MF,8,한승규,최재훈,0,1,0,2,0,0,0,0
2018-01-11,목,쿤산 스포츠 센터,대한민국,MF,15,최재훈,,0,0,0,0,0,0,0,0
2018-01-11,목,쿤산 스포츠 센터,대한민국,MF,17,조재완,장윤호,0,0,0,0,0,0,0,0
2018-01-11,목,쿤산 스포츠 센터,대한민국,MF,16,장윤호,,0,0,1,1,0,0,1,0
2018-01-11,목,쿤산 스포츠 센터,대한민국,FW,9,이근호,,1,0,2,2,0,0,0,1
2018-01-11,목,쿤산 스포츠 센터,베트남,GK,1,부이 티엔 둥,,0,0,0,0,0,0,0,0
2018-01-11,목,쿤산 스포츠 센터,베트남,DF,17,부 반 탄,,0,0,1,0,0,0,0,0
2018-01-11,목,쿤산 스포츠 센터,베트남,DF,4,부이 티엔 둥,,0,0,1,0,0,0,0,0
2018-01-11,목,쿤산 스포츠 센터,베트남,DF,5,도안 반 하우,팜 쑤언 만,0,1,0,1,1,0,0,0
2018-01-11,목,쿤산 스포츠 센터,베트남,DF,21,쩐 딘 쫑,,0,0,0,0,0,0,0,0
2018-01-11,목,쿤산 스포츠 센터,베트남,DF,11,도 주이 만,,0,0,0,2,1,0,0,0
2018-01-11,목,쿤산 스포츠 센터,베트남,MF,2,팜 쑤언 만,,0,0,0,0,0,0,0,0
2018-01-11,목,쿤산 스포츠 센터,베트남,MF,9,응우웬 반 또안,,0,0,0,1,0,0,0,0
2018-01-11,목,쿤산 스포츠 센터,베트남,MF,8,팜 득 후이,판 반 득,0,0,0,0,0,0,0,0
2018-01-11,목,쿤산 스포츠 센터,베트남,MF,14,판 반 득,,0,0,0,1,0,0,0,0
2018-01-11,목,쿤산 스포츠 센터,베트남,MF,6,르엉 쑤언 쯔엉,,0,0,1,2,0,0,0,0
2018-01-11,목,쿤산 스포츠 센터,베트남,MF,19,응우웬 꾸앙 하이,,1,0,1,2,0,0,0,0
2018-01-11,목,쿤산 스포츠 센터,베트남,FW,13,하 득 찐,응우웬 반 또안,0,0,1,4,0,0,0,0
2018-01-11,목,쿤산 스포츠 센터,베트남,FW,10,응우웬 콩 프엉,,0,0,0,1,0,0,0,1
2018-01-14,일,쿤산 스포츠 센터,대한민국,GK,1,강현무,,0,0,0,0,0,0,0,0
2018-01-14,일,쿤산 스포츠 센터,대한민국,DF,19,국태정,,0,0,1,2,0,0,0,0
2018-01-14,일,쿤산 스포츠 센터,대한민국,DF,5,황현수,,0,0,0,1,0,0,0,0
2018-01-14,일,쿤산 스포츠 센터,대한민국,DF,22,이상민,,0,0,0,1,1,0,0,0
2018-01-14,일,쿤산 스포츠 센터,대한민국,DF,2,박재우,,0,0,0,1,0,0,0,0
2018-01-14,일,쿤산 스포츠 센터,대한민국,MF,11,조영욱,,0,0,0,0,0,0,0,0
2018-01-14,일,쿤산 스포츠 센터,대한민국,MF,6,황기욱,,0,0,0,3,0,0,0,0
2018-01-14,일,쿤산 스포츠 센터,대한민국,MF,10,윤승원,조재완,0,0,3,0,0,0,0,0
2018-01-14,일,쿤산 스포츠 센터,대한민국,MF,17,조재완,,0,0,0,0,0,0,0,0
2018-01-14,일,쿤산 스포츠 센터,대한민국,MF,8,한승규,장윤호,0,0,3,2,0,0,2,0
2018-01-14,일,쿤산 스포츠 센터,대한민국,MF,16,장윤호,,0,0,1,1,0,0,1,0
2018-01-14,일,쿤산 스포츠 센터,대한민국,MF,7,김문환,,0,0,1,4,1,1,0,0
2018-01-14,일,쿤산 스포츠 센터,대한민국,FW,14,김건희,이근호,0,0,0,0,0,0,0,1
2018-01-14,일,쿤산 스포츠 센터,대한민국,FW,9,이근호,,0,0,0,0,0,0,0,0
2018-01-14,일,쿤산 스포츠 센터,시리아,GK,1,이브라힘,,0,0,0,0,0,0,0,0
2018-01-14,일,쿤산 스포츠 센터,시리아,DF,5,아르나우트,,0,0,0,2,1,0,0,0
2018-01-14,일,쿤산 스포츠 센터,시리아,DF,4,베스마르,샬라,0,0,0,2,0,0,0,0
2018-01-14,일,쿤산 스포츠 센터,시리아,DF,3,알 하마위,하난,0,0,0,2,1,0,0,0
2018-01-14,일,쿤산 스포츠 센터,시리아,DF,17,하난,,0,0,0,0,0,0,0,0
2018-01-14,일,쿤산 스포츠 센터,시리아,DF,14,지나트,,0,0,0,1,0,0,0,0
2018-01-14,일,쿤산 스포츠 센터,시리아,MF,11,알 마무르,알 하마위,0,0,2,0,0,0,1,1
2018-01-14,일,쿤산 스포츠 센터,시리아,MF,8,아네즈,,0,0,0,0,0,0,1,0
2018-01-14,일,쿤산 스포츠 센터,시리아,MF,6,아쉬카르,,0,0,0,4,0,0,0,0
2018-01-14,일,쿤산 스포츠 센터,시리아,MF,20,알 아흐마드,,0,0,0,1,0,0,0,0
2018-01-14,일,쿤산 스포츠 센터,시리아,MF,7,나지,,0,0,0,0,0,0,0,0
2018-01-14,일,쿤산 스포츠 센터,시리아,FW,19,샬라,,0,0,0,0,0,0,0,0
2018-01-14,일,쿤산 스포츠 센터,시리아,FW,9,알 하마위,,0,0,0,0,0,0,0,0
2018-01-14,일,쿤산 스포츠 센터,시리아,FW,10,모흐타디,,0,0,2,1,0,0,0,1
2018-01-17,수,쿤산 스포츠 센터,대한민국,GK,1,강현무,,0,0,0,0,1,0,0,0
2018-01-17,수,쿤산 스포츠 센터,대한민국,DF,19,국태정,,0,1,0,0,0,0,0,0
2018-01-17,수,쿤산 스포츠 센터,대한민국,DF,22,이상민,,0,0,0,0,0,0,0,0
2018-01-17,수,쿤산 스포츠 센터,대한민국,DF,5,황현수,,0,0,0,0,0,0,0,0
2018-01-17,수,쿤산 스포츠 센터,대한민국,DF,2,박재우,,0,0,0,1,0,0,0,0
2018-01-17,수,쿤산 스포츠 센터,대한민국,MF,11,조영욱,,0,0,4,1,0,0,0,0
2018-01-17,수,쿤산 스포츠 센터,대한민국,MF,10,윤승원,,0,0,2,1,0,0,2,1
2018-01-17,수,쿤산 스포츠 센터,대한민국,MF,8,한승규,조유민,1,1,2,1,0,0,0,1
2018-01-17,수,쿤산 스포츠 센터,대한민국,MF,12,조유민,,0,0,0,0,0,0,0,0
2018-01-17,수,쿤산 스포츠 센터,대한민국,MF,6,황기욱,최재훈,0,0,0,3,1,0,0,0
2018-01-17,수,쿤산 스포츠 센터,대한민국,MF,15,최재훈,,0,0,0,0,0,0,0,0
2018-01-17,수,쿤산 스포츠 센터,대한민국,MF,16,장윤호,,0,0,0,4,0,0,0,0
2018-01-17,수,쿤산 스포츠 센터,대한민국,FW,9,이근호,박인혁,2,1,3,0,0,0,0,2
2018-01-17,수,쿤산 스포츠 센터,대한민국,FW,18,박인혁,,0,0,0,1,0,0,0,1
2018-01-17,수,쿤산 스포츠 센터,호주,GK,1,리조,,0,0,0,0,0,0,0,0
2018-01-17,수,쿤산 스포츠 센터,호주,DF,2,카우번,,1,0,2,0,0,0,0,0
2018-01-17,수,쿤산 스포츠 센터,호주,DF,5,수스냐르,,0,0,0,3,1,0,0,0
2018-01-17,수,쿤산 스포츠 센터,호주,DF,20,덩,,0,0,0,1,0,0,0,0
2018-01-17,수,쿤산 스포츠 센터,호주,DF,3,제르스바흐,,0,0,1,2,0,0,0,0
2018-01-17,수,쿤산 스포츠 센터,호주,MF,10,흐루스티치,,0,0,2,1,0,0,4,0
2018-01-17,수,쿤산 스포츠 센터,호주,MF,17,윌슨,마우크,0,0,1,2,0,0,0,0
2018-01-17,수,쿤산 스포츠 센터,호주,MF,8,마우크,,0,0,1,0,0,0,0,0
2018-01-17,수,쿤산 스포츠 센터,호주,MF,22,데 실바,,0,0,0,1,0,0,4,0
2018-01-17,수,쿤산 스포츠 센터,호주,MF,14,맥그리,부하지어,0,0,0,1,0,0,0,0
2018-01-17,수,쿤산 스포츠 센터,호주,MF,23,가루치오,포포비치,0,0,0,0,0,0,0,0
2018-01-17,수,쿤산 스포츠 센터,호주,FW,7,부하지어,,1,0,1,0,0,0,0,1
2018-01-17,수,쿤산 스포츠 센터,호주,FW,13,포포비치,,0,0,1,0,0,0,0,1
2018-01-17,수,쿤산 스포츠 센터,호주,FW,9,블랙우드,,0,0,4,2,0,0,0,0
2018-01-20,토,쿤산 스포츠 센터,대한민국,GK,1,강현무,,0,0,0,0,0,0,0,0
2018-01-20,토,쿤산 스포츠 센터,대한민국,DF,3,이건,,0,0,1,1,0,0,0,0
2018-01-20,토,쿤산 스포츠 센터,대한민국,DF,5,황현수,,0,0,0,1,0,0,0,0
2018-01-20,토,쿤산 스포츠 센터,대한민국,DF,22,이상민,,0,0,0,0,0,0,0,0
2018-01-20,토,쿤산 스포츠 센터,대한민국,DF,2,박재우,,0,0,0,0,0,0,0,0
2018-01-20,토,쿤산 스포츠 센터,대한민국,DF,4,고명석,,0,0,0,0,0,0,0,0
2018-01-20,토,쿤산 스포츠 센터,대한민국,MF,15,최재훈,조유민,0,0,0,1,0,0,0,0
2018-01-20,토,쿤산 스포츠 센터,대한민국,MF,12,조유민,,0,0,0,0,0,0,0,0
2018-01-20,토,쿤산 스포츠 센터,대한민국,MF,8,한승규,고명석,1,0,2,0,0,0,2,0
2018-01-20,토,쿤산 스포츠 센터,대한민국,MF,7,김문환,,0,0,1,0,0,0,0,0
2018-01-20,토,쿤산 스포츠 센터,대한민국,MF,16,장윤호,,0,0,0,4,1,0,4,0
2018-01-20,토,쿤산 스포츠 센터,대한민국,MF,17,조재완,조영욱,1,0,2,1,0,0,0,0
2018-01-20,토,쿤산 스포츠 센터,대한민국,MF,11,조영욱,,0,0,0,1,0,0,0,0
2018-01-20,토,쿤산 스포츠 센터,대한민국,FW,9,이근호,,0,0,4,0,0,0,0,0
2018-01-20,토,쿤산 스포츠 센터,말레이시아,GK,1,나드즐리,,0,0,0,0,0,0,0,0
2018-01-20,토,쿤산 스포츠 센터,말레이시아,DF,17,자카리아,,0,0,0,1,0,0,0,0
2018-01-20,토,쿤산 스포츠 센터,말레이시아,DF,9,노르 아즐린,,0,0,1,0,0,0,0,0
2018-01-20,토,쿤산 스포츠 센터,말레이시아,DF,15,탄,,0,0,0,1,0,0,0,0
2018-01-20,토,쿤산 스포츠 센터,말레이시아,MF,2,데이비스,,0,0,2,0,0,0,0,0
2018-01-20,토,쿤산 스포츠 센터,말레이시아,MF,8,압둘 아지흐,,0,0,0,0,0,0,1,0
2018-01-20,토,쿤산 스포츠 센터,말레이시아,MF,16,노리샴,쿠티 아바,0,0,1,0,0,0,0,0
2018-01-20,토,쿤산 스포츠 센터,말레이시아,MF,14,쿠티 아바,,0,0,0,0,0,0,0,0
2018-01-20,토,쿤산 스포츠 센터,말레이시아,MF,21,샤즈완,,0,0,0,0,0,0,0,0
2018-01-20,토,쿤산 스포츠 센터,말레이시아,MF,7,샤히란,나다라자,0,0,0,1,0,0,0,0
2018-01-20,토,쿤산 스포츠 센터,말레이시아,FW,12,나다라자,,1,0,1,0,0,0,0,0
2018-01-20,토,쿤산 스포츠 센터,말레이시아,FW,6,라시드,,0,1,4,3,1,0,2,1
2018-01-20,토,쿤산 스포츠 센터,말레이시아,FW,18,라시드,파이야드,0,0,0,1,0,0,0,1
2018-01-20,토,쿤산 스포츠 센터,말레이시아,FW,10,파이야드,,0,0,0,0,0,0,0,0
2018-01-23,화,쿤산 스포츠 센터,대한민국,GK,1,강현무,,0,0,0,0,0,0,0,0
2018-01-23,화,쿤산 스포츠 센터,대한민국,DF,3,이건,,0,0,0,5,0,0,0,0
2018-01-23,화,쿤산 스포츠 센터,대한민국,DF,5,황현수,,1,0,1,1,0,0,0,0
2018-01-23,화,쿤산 스포츠 센터,대한민국,DF,22,이상민,,0,0,0,0,0,0,0,0
2018-01-23,화,쿤산 스포츠 센터,대한민국,DF,2,박재우,,0,0,0,2,0,0,0,0
2018-01-23,화,쿤산 스포츠 센터,대한민국,DF,4,고명석,,0,0,0,0,0,0,0,0
2018-01-23,화,쿤산 스포츠 센터,대한민국,MF,10,윤승원,김문환,0,0,1,0,0,0,0,0
2018-01-23,화,쿤산 스포츠 센터,대한민국,MF,7,김문환,,0,0,0,4,1,0,0,0
2018-01-23,화,쿤산 스포츠 센터,대한민국,MF,16,장윤호,,0,1,0,3,1,1,0,0
2018-01-23,화,쿤산 스포츠 센터,대한민국,MF,8,한승규,고명석,0,0,2,1,0,0,1,0
2018-01-23,화,쿤산 스포츠 센터,대한민국,MF,15,최재훈,조유민,0,0,0,0,0,0,0,0
2018-01-23,화,쿤산 스포츠 센터,대한민국,MF,12,조유민,,0,0,0,1,0,0,0,0
2018-01-23,화,쿤산 스포츠 센터,대한민국,MF,11,조영욱,,0,0,1,0,0,0,0,0
2018-01-23,화,쿤산 스포츠 센터,대한민국,FW,9,이근호,,0,0,0,0,1,0,0,0
2018-01-23,화,쿤산 스포츠 센터,우즈베키스탄,GK,1,에르가셰프,,0,0,0,0,0,0,0,0
2018-01-23,화,쿤산 스포츠 센터,우즈베키스탄,DF,5,오타코노프,나르줄라에프,0,0,0,4,1,0,0,0
2018-01-23,화,쿤산 스포츠 센터,우즈베키스탄,DF,20,투르수노프,,0,0,1,2,0,0,0,0
2018-01-23,화,쿤산 스포츠 센터,우즈베키스탄,DF,2,아슈르마토프,,0,0,0,2,0,0,0,0
2018-01-23,화,쿤산 스포츠 센터,우즈베키스탄,DF,4,코밀로프,,1,0,2,1,0,0,0,0
2018-01-23,화,쿤산 스포츠 센터,우즈베키스탄,DF,15,루스타모프,,0,0,0,0,1,0,0,0
2018-01-23,화,쿤산 스포츠 센터,우즈베키스탄,MF,16,나르줄라에프,,0,0,0,1,0,0,0,0
2018-01-23,화,쿤산 스포츠 센터,우즈베키스탄,MF,8,야크시뵈프,,1,0,5,3,0,0,1,2
2018-01-23,화,쿤산 스포츠 센터,우즈베키스탄,MF,6,가니에프,루스타모프,1,0,2,1,0,0,0,0
2018-01-23,화,쿤산 스포츠 센터,우즈베키스탄,MF,10,시디코프,압디솔리코프,0,2,2,0,0,0,0,0
2018-01-23,화,쿤산 스포츠 센터,우즈베키스탄,MF,7,잠로베코프,,0,0,1,0,0,0,1,0
2018-01-23,화,쿤산 스포츠 센터,우즈베키스탄,MF,17,캄다모프,,0,2,3,1,1,0,2,1
2018-01-23,화,쿤산 스포츠 센터,우즈베키스탄,FW,22,압디솔리코프,,0,0,0,0,0,0,0,0
2018-01-23,화,쿤산 스포츠 센터,우즈베키스탄,FW,9,우린뵈프,,1,0,3,3,0,0,0,1
2018-01-26,금,쿤산 스포츠 센터,대한민국,GK,1,강현무,,0,0,0,0,0,0,0,0
2018-01-26,금,쿤산 스포츠 센터,대한민국,DF,5,황현수,,0,0,3,0,0,0,0,0
2018-01-26,금,쿤산 스포츠 센터,대한민국,DF,4,고명석,,0,0,0,0,0,0,0,0
2018-01-26,금,쿤산 스포츠 센터,대한민국,DF,2,박재우,,0,0,0,3,0,0,0,0
2018-01-26,금,쿤산 스포츠 센터,대한민국,MF,19,국태정,,0,0,0,1,0,0,2,0
2018-01-26,금,쿤산 스포츠 센터,대한민국,MF,17,조재완,,0,0,2,1,0,0,3,0
2018-01-26,금,쿤산 스포츠 센터,대한민국,MF,8,한승규,박인혁,0,0,0,1,0,0,2,0
2018-01-26,금,쿤산 스포츠 센터,대한민국,MF,12,조유민,,0,0,1,1,0,0,0,0
2018-01-26,금,쿤산 스포츠 센터,대한민국,MF,10,윤승원,조영욱,0,0,0,2,0,0,2,0
2018-01-26,금,쿤산 스포츠 센터,대한민국,MF,11,조영욱,,0,0,1,1,0,0,1,0
2018-01-26,금,쿤산 스포츠 센터,대한민국,MF,7,김문환,,0,0,0,1,0,0,0,0
2018-01-26,금,쿤산 스포츠 센터,대한민국,FW,18,박인혁,,0,0,0,0,0,0,0,0
2018-01-26,금,쿤산 스포츠 센터,대한민국,FW,14,김건희,이근호,0,0,0,0,0,0,0,3
2018-01-26,금,쿤산 스포츠 센터,대한민국,FW,9,이근호,,0,0,2,0,0,0,0,0
2018-01-26,금,쿤산 스포츠 센터,카타르,GK,1,하산,,0,0,0,0,0,0,0,0
2018-01-26,금,쿤산 스포츠 센터,카타르,DF,5,알 무하자,,0,0,0,1,1,0,0,0
2018-01-26,금,쿤산 스포츠 센터,카타르,DF,15,알 라위,,0,0,0,0,0,0,0,0
2018-01-26,금,쿤산 스포츠 센터,카타르,DF,13,알 브래크,,0,0,0,1,1,0,0,0
2018-01-26,금,쿤산 스포츠 센터,카타르,DF,16,하심 알리,,0,0,0,0,0,0,0,0
2018-01-26,금,쿤산 스포츠 센터,카타르,DF,20,알 하즈리,,0,0,0,2,0,0,0,0
2018-01-26,금,쿤산 스포츠 센터,카타르,MF,2,살만,,0,0,0,0,0,0,0,0
2018-01-26,금,쿤산 스포츠 센터,카타르,MF,17,무스타파,하심 알리,0,0,0,1,0,0,0,0
2018-01-26,금,쿤산 스포츠 센터,카타르,MF,18,마디보,,0,0,1,4,1,0,0,0
2018-01-26,금,쿤산 스포츠 센터,카타르,MF,8,모에인,,0,0,0,1,0,0,0,0
2018-01-26,금,쿤산 스포츠 센터,카타르,FW,10,아피프,,1,0,2,1,0,0,1,2
2018-01-26,금,쿤산 스포츠 센터,카타르,FW,19,알리,,0,0,1,4,0,0,0,2
2018-01-27,토,마르단 스타디움,대한민국,GK,21,조현우,,0,0,0,0,0,0,0,0
2018-01-27,토,마르단 스타디움,대한민국,DF,12,홍철,,0,1,1,0,0,0,5,0
2018-01-27,토,마르단 스타디움,대한민국,DF,19,김영권,장현수,0,0,0,0,0,0,0,0
2018-01-27,토,마르단 스타디움,대한민국,DF,20,장현수,,0,0,0,0,0,0,0,0
2018-01-27,토,마르단 스타디움,대한민국,DF,5,김민재,,0,0,1,1,0,0,0,0
2018-01-27,토,마르단 스타디움,대한민국,DF,14,고요한,이재성,0,0,1,1,0,0,0,0
2018-01-27,토,마르단 스타디움,대한민국,MF,17,이재성,,0,0,2,1,0,0,0,0
2018-01-27,토,마르단 스타디움,대한민국,MF,7,이승기,김신욱,0,0,1,0,0,0,2,0
2018-01-27,토,마르단 스타디움,대한민국,MF,13,이찬동,,0,0,0,4,0,0,0,0
2018-01-27,토,마르단 스타디움,대한민국,MF,8,김성준,손준호,0,0,1,1,0,0,0,0
2018-01-27,토,마르단 스타디움,대한민국,MF,22,손준호,,0,0,0,1,0,0,0,0
2018-01-27,토,마르단 스타디움,대한민국,MF,15,김태환,,0,0,0,2,0,0,0,0
2018-01-27,토,마르단 스타디움,대한민국,MF,11,이근호,,0,0,0,0,0,0,0,0
2018-01-27,토,마르단 스타디움,대한민국,MF,10,김승대,이창민,0,0,1,0,0,0,0,0
2018-01-27,토,마르단 스타디움,대한민국,MF,24,이창민,,0,0,1,0,0,0,0,0
2018-01-27,토,마르단 스타디움,대한민국,FW,9,김신욱,,1,0,2,0,0,0,0,0
2018-01-27,토,마르단 스타디움,대한민국,FW,18,진성욱,이근호,0,0,0,1,0,0,0,1
2018-01-27,토,마르단 스타디움,몰도바,GK,1,체바누,칼렌시아,0,0,0,0,0,0,0,0
2018-01-27,토,마르단 스타디움,몰도바,GK,12,칼렌시아,,0,0,0,0,0,0,0,0
2018-01-27,토,마르단 스타디움,몰도바,DF,2,자르단,,0,0,0,1,0,0,0,0
2018-01-27,토,마르단 스타디움,몰도바,DF,5,포스마치,,0,0,0,0,0,0,0,0
2018-01-27,토,마르단 스타디움,몰도바,DF,14,로가츠,라쿠,0,0,0,2,0,0,0,0
2018-01-27,토,마르단 스타디움,몰도바,DF,4,라쿠,,0,0,0,1,0,0,0,0
2018-01-27,토,마르단 스타디움,몰도바,DF,22,로즈고니우크,,0,0,0,1,0,0,0,0
2018-01-27,토,마르단 스타디움,몰도바,MF,21,플라티카,스파타루,0,0,0,0,0,0,0,2
2018-01-27,토,마르단 스타디움,몰도바,MF,17,스파타루,,0,0,0,1,0,0,0,0
2018-01-27,토,마르단 스타디움,몰도바,MF,16,파이렐리,이바노프,0,0,0,1,0,0,0,0
2018-01-27,토,마르단 스타디움,몰도바,MF,8,이바노프,,0,0,0,2,0,0,0,0
2018-01-27,토,마르단 스타디움,몰도바,MF,7,코조카리,타라스,0,0,1,1,0,0,1,0
2018-01-27,토,마르단 스타디움,몰도바,MF,6,타라스,,0,0,0,0,0,0,0,0
2018-01-27,토,마르단 스타디움,몰도바,MF,10,데도프,,0,0,0,1,0,0,0,1
2018-01-27,토,마르단 스타디움,몰도바,MF,20,알렉산드루 파스첸코,,0,0,0,2,0,0,0,0
2018-01-27,토,마르단 스타디움,몰도바,FW,11,다마스칸,암브로스,0,0,0,0,0,0,0,1
2018-01-27,토,마르단 스타디움,몰도바,FW,18,암브로스,,0,0,0,0,0,0,0,0
2018-01-30,화,마르단 스타디움,대한민국,GK,1,김승규,,0,0,0,0,0,0,0,0
2018-01-30,화,마르단 스타디움,대한민국,DF,3,김진수,,0,0,0,2,1,0,3,0
2018-01-30,화,마르단 스타디움,대한민국,DF,6,윤영선,정승현,0,0,0,0,0,0,0,0
2018-01-30,화,마르단 스타디움,대한민국,DF,4,정승현,,0,0,0,0,0,0,0,0
2018-01-30,화,마르단 스타디움,대한민국,DF,20,장현수,,0,0,0,1,0,0,0,0
2018-01-30,화,마르단 스타디움,대한민국,DF,2,최철순,,0,1,0,3,0,0,0,0
2018-01-30,화,마르단 스타디움,대한민국,DF,5,김민재,,0,0,0,0,0,0,0,0
2018-01-30,화,마르단 스타디움,대한민국,MF,24,이창민,김승대,0,0,3,0,0,0,0,0
2018-01-30,화,마르단 스타디움,대한민국,MF,10,김승대,,0,0,1,0,0,0,0,0
2018-01-30,화,마르단 스타디움,대한민국,MF,22,손준호,김성준,0,0,2,0,0,0,0,0
2018-01-30,화,마르단 스타디움,대한민국,MF,8,김성준,,0,0,0,1,0,0,0,0
2018-01-30,화,마르단 스타디움,대한민국,MF,16,정우영,김민재,0,1,3,2,0,0,0,0
2018-01-30,화,마르단 스타디움,대한민국,MF,17,이재성,,0,0,6,0,0,0,0,0
2018-01-30,화,마르단 스타디움,대한민국,MF,7,이승기,,0,0,1,0,0,0,2,0
2018-01-30,화,마르단 스타디움,대한민국,FW,11,이근호,이승기,0,0,3,0,0,0,0,0
2018-01-30,화,마르단 스타디움,대한민국,FW,9,김신욱,,2,0,4,0,0,0,0,0
2018-01-30,화,마르단 스타디움,자메이카,GK,13,아말 나이트,쉐이번 폴,0,0,0,0,0,0,0,0
2018-01-30,화,마르단 스타디움,자메이카,GK,1,쉐이번 폴,,0,0,0,0,0,0,0,0
2018-01-30,화,마르단 스타디움,자메이카,DF,8,오니엘 피셔,,0,0,0,0,0,0,0,0
2018-01-30,화,마르단 스타디움,자메이카,DF,4,라데일 리치,,0,0,0,1,0,0,0,0
2018-01-30,화,마르단 스타디움,자메이카,DF,14,숀 프란시스,,0,0,0,2,1,0,0,0
2018-01-30,화,마르단 스타디움,자메이카,DF,20,케마르 로렌스,숀 로우스,0,0,0,0,0,0,0,0
2018-01-30,화,마르단 스타디움,자메이카,DF,6,숀 로우스,,0,0,0,0,0,0,0,0
2018-01-30,화,마르단 스타디움,자메이카,MF,5,파비온 맥카시,,0,0,0,0,0,0,0,0
2018-01-30,화,마르단 스타디움,자메이카,MF,17,데본 윌리엄스,테빈 쇼,0,0,0,1,0,0,0,0
2018-01-30,화,마르단 스타디움,자메이카,MF,21,테빈 쇼,,0,0,0,0,0,0,0,0
2018-01-30,화,마르단 스타디움,자메이카,MF,15,제 본 왓슨,,0,0,0,0,0,0,0,0
2018-01-30,화,마르단 스타디움,자메이카,MF,19,리카르도 모리스,자미엘 하드웨어,0,0,0,1,0,0,0,0
2018-01-30,화,마르단 스타디움,자메이카,MF,7,자미엘 하드웨어,,0,0,0,0,0,0,0,0
2018-01-30,화,마르단 스타디움,자메이카,MF,9,말리크 포스터,,1,0,1,0,0,0,0,0
2018-01-30,화,마르단 스타디움,자메이카,FW,16,데인 켈리,,1,0,1,2,1,0,0,0
2018-01-30,화,마르단 스타디움,자메이카,FW,12,자본 이스트,말리크 포스터,0,0,0,0,0,0,0,1
2018-02-03,토,마르단 스타디움,대한민국,GK,1,김승규,,0,0,0,0,0,0,0,0
2018-02-03,토,마르단 스타디움,대한민국,DF,3,김진수,홍철,0,0,0,1,0,0,3,0
2018-02-03,토,마르단 스타디움,대한민국,DF,12,홍철,,0,0,0,0,0,0,1,0
2018-02-03,토,마르단 스타디움,대한민국,DF,4,정승현,,0,0,0,0,0,0,0,0
2018-02-03,토,마르단 스타디움,대한민국,DF,5,김민재,,0,0,0,1,0,0,0,0
2018-02-03,토,마르단 스타디움,대한민국,MF,14,고요한,김태환,0,0,0,0,0,0,0,0
2018-02-03,토,마르단 스타디움,대한민국,MF,15,김태환,,0,0,0,0,0,0,0,0
2018-02-03,토,마르단 스타디움,대한민국,MF,7,이승기,진성욱,0,1,0,0,0,0,4,0
2018-02-03,토,마르단 스타디움,대한민국,MF,13,이찬동,손준호,0,0,0,1,0,0,0,0
2018-02-03,토,마르단 스타디움,대한민국,MF,22,손준호,,0,0,0,0,0,0,0,0
2018-02-03,토,마르단 스타디움,대한민국,MF,16,정우영,김성준,0,0,0,0,0,0,0,0
2018-02-03,토,마르단 스타디움,대한민국,MF,8,김성준,,0,0,2,0,0,0,0,0
2018-02-03,토,마르단 스타디움,대한민국,MF,17,이재성,,0,0,7,0,0,0,1,0
2018-02-03,토,마르단 스타디움,대한민국,MF,10,김승대,,0,0,0,0,0,0,0,0
2018-02-03,토,마르단 스타디움,대한민국,FW,18,진성욱,,0,0,1,0,0,0,0,0
2018-02-03,토,마르단 스타디움,대한민국,FW,11,이근호,김승대,0,0,2,0,0,0,0,0
2018-02-03,토,마르단 스타디움,대한민국,FW,9,김신욱,,1,0,5,0,0,0,0,0
2018-02-03,토,마르단 스타디움,라트비아,GK,12,익스텐스,,0,0,0,0,0,0,0,0
2018-02-03,토,마르단 스타디움,라트비아,DF,3,콜레소브스,,0,0,0,1,0,0,0,0
2018-02-03,토,마르단 스타디움,라트비아,DF,4,프라이마니스,,0,0,0,2,0,0,0,0
2018-02-03,토,마르단 스타디움,라트비아,DF,19,야고딘스키스,,0,0,0,0,0,0,0,0
2018-02-03,토,마르단 스타디움,라트비아,DF,20,오슈,,0,0,0,2,0,0,0,0
2018-02-03,토,마르단 스타디움,라트비아,MF,5,흐미즈,,0,0,0,1,0,0,0,0
2018-02-03,토,마르단 스타디움,라트비아,MF,7,다미안 토레스,엠시스,0,0,0,2,0,0,2,0
2018-02-03,토,마르단 스타디움,라트비아,MF,6,엠시스,,0,0,0,0,0,0,0,0
2018-02-03,토,마르단 스타디움,라트비아,MF,13,인드란스,이바노프스,0,0,0,0,0,0,0,0
2018-02-03,토,마르단 스타디움,라트비아,MF,15,주르콥스키스,,0,0,0,2,0,0,0,0
2018-02-03,토,마르단 스타디움,라트비아,MF,16,카자초크스,스투글리스,0,0,0,0,0,0,0,0
2018-02-03,토,마르단 스타디움,라트비아,MF,11,스투글리스,,0,0,0,0,0,0,0,0
2018-02-03,토,마르단 스타디움,라트비아,FW,14,이바노프스,,0,0,0,0,0,0,0,0
2018-02-03,토,마르단 스타디움,라트비아,FW,22,가우라스,피요도로프스,0,0,0,0,0,0,0,0
2018-02-03,토,마르단 스타디움,라트비아,FW,21,피요도로프스,,0,0,1,0,0,0,0,0
2018-03-24,토,윈저 파크,대한민국,GK,1,김승규 ,,0,0,0,0,0,0,0,0
2018-03-24,토,윈저 파크,대한민국,DF,2,김진수,김민우,0,0,0,0,0,0,0,0
2018-03-24,토,윈저 파크,대한민국,DF,14,김민우,,0,0,0,0,0,0,0,0
2018-03-24,토,윈저 파크,대한민국,DF,5,장현수,,0,0,1,0,0,0,0,0
2018-03-24,토,윈저 파크,대한민국,DF,19,김민재,,0,0,0,2,0,0,0,0
2018-03-24,토,윈저 파크,대한민국,DF,12,이용,,0,0,0,1,0,0,0,0
2018-03-24,토,윈저 파크,대한민국,MF,10,이재성,,0,0,2,0,0,0,0,0
2018-03-24,토,윈저 파크,대한민국,MF,16,기성용,정우영,0,0,0,0,0,0,0,0
2018-03-24,토,윈저 파크,대한민국,MF,13,정우영,,0,0,0,1,0,0,0,0
2018-03-24,토,윈저 파크,대한민국,MF,15,박주호,이창민,0,1,1,2,0,0,0,0
2018-03-24,토,윈저 파크,대한민국,MF,8,이창민,,0,0,2,0,0,0,0,0
2018-03-24,토,윈저 파크,대한민국,MF,4,염기훈,,0,0,0,0,0,0,1,0
2018-03-24,토,윈저 파크,대한민국,MF,22,권창훈,황희찬,1,0,2,0,0,0,2,0
2018-03-24,토,윈저 파크,대한민국,FW,7,손흥민,염기훈,0,0,2,0,0,0,6,0
2018-03-24,토,윈저 파크,대한민국,FW,18,김신욱,,0,0,3,1,0,0,0,0
2018-03-24,토,윈저 파크,대한민국,FW,17,황희찬,,0,0,0,0,0,0,0,0
2018-03-24,토,윈저 파크,북아일랜드,GK,12,트레버 카슨,,0,0,0,0,0,0,0,0
2018-03-24,토,윈저 파크,북아일랜드,DF,18,애런 휴즈,코너 맥러플린,0,0,0,0,0,0,0,0
2018-03-24,토,윈저 파크,북아일랜드,DF,2,코너 맥러플린,,0,0,0,2,0,0,1,0
2018-03-24,토,윈저 파크,북아일랜드,DF,5,조니 에반스,크레익 캐스카트,0,0,0,2,0,0,0,0
2018-03-24,토,윈저 파크,북아일랜드,DF,20,크레익 캐스카트,,0,0,0,0,0,0,0,0
2018-03-24,토,윈저 파크,북아일랜드,DF,4,가레스 맥컬리,,0,0,1,0,0,0,0,0
2018-03-24,토,윈저 파크,북아일랜드,DF,11,자말 루이스,,0,0,0,1,0,0,0,0
2018-03-24,토,윈저 파크,북아일랜드,MF,16,올리버 노우드,패트릭 맥네어,0,0,0,1,0,0,3,0
2018-03-24,토,윈저 파크,북아일랜드,MF,17,패트릭 맥네어,,0,0,0,0,0,0,0,0
2018-03-24,토,윈저 파크,북아일랜드,MF,13,코리 에반스,코너 워싱턴,0,0,0,1,0,0,0,0
2018-03-24,토,윈저 파크,북아일랜드,MF,15,조지 새빌,,0,0,0,1,0,0,0,0
2018-03-24,토,윈저 파크,북아일랜드,MF,8,폴 스미스,,1,0,1,0,0,0,0,0
2018-03-24,토,윈저 파크,북아일랜드,FW,9,코너 워싱턴,,0,1,0,0,0,0,0,0
2018-03-24,토,윈저 파크,북아일랜드,FW,19,제이미 워드,리암 보이스,0,0,1,0,0,0,0,1
2018-03-24,토,윈저 파크,북아일랜드,FW,10,리암 보이스,,0,0,0,0,0,0,0,0
2018-03-24,토,윈저 파크,북아일랜드,FW,21,조시 맥기니스,,0,0,1,2,0,0,0,0
2018-03-24,토,윈저 파크,북아일랜드,FW,7,조던 존스,폴 스미스,0,0,0,0,0,0,0,0
2018-03-28,수,실롱스키 스타디온,대한민국,GK,1,김승규 ,,0,0,0,0,0,0,0,0
2018-03-28,수,실롱스키 스타디온,대한민국,DF,19,홍정호,윤영선,0,0,0,0,0,0,0,0
2018-03-28,수,실롱스키 스타디온,대한민국,DF,18,윤영선,,0,0,0,0,0,0,0,0
2018-03-28,수,실롱스키 스타디온,대한민국,DF,5,장현수,,0,0,0,1,0,0,0,0
2018-03-28,수,실롱스키 스타디온,대한민국,DF,20,김민재,황희찬,0,0,0,0,0,0,0,0
2018-03-28,수,실롱스키 스타디온,대한민국,DF,2,이용,최철순,0,0,0,0,0,0,0,0
2018-03-28,수,실롱스키 스타디온,대한민국,DF,3,최철순,,0,0,0,3,1,0,0,0
2018-03-28,수,실롱스키 스타디온,대한민국,MF,12,박주호,,0,1,0,0,0,0,0,0
2018-03-28,수,실롱스키 스타디온,대한민국,MF,13,정우영,,0,0,2,0,0,0,0,0
2018-03-28,수,실롱스키 스타디온,대한민국,MF,4,기성용,이창민,0,0,0,1,0,0,0,0
2018-03-28,수,실롱스키 스타디온,대한민국,MF,17,이창민,,1,0,1,0,0,0,0,0
2018-03-28,수,실롱스키 스타디온,대한민국,MF,8,이재성,김신욱,0,0,2,1,0,0,0,0
2018-03-28,수,실롱스키 스타디온,대한민국,MF,22,권창훈,,0,0,1,0,0,0,2,0
2018-03-28,수,실롱스키 스타디온,대한민국,FW,7,황희찬,,1,0,2,0,0,0,0,0
2018-03-28,수,실롱스키 스타디온,대한민국,FW,9,김신욱,,0,0,1,0,0,0,0,0
2018-03-28,수,실롱스키 스타디온,대한민국,FW,11,손흥민,,0,1,3,1,0,0,3,1
2018-03-28,수,실롱스키 스타디온,폴란드,GK,1,슈체스니,스코룹스키,0,0,0,0,0,0,0,0
2018-03-28,수,실롱스키 스타디온,폴란드,GK,12,스코룹스키,,0,0,0,0,0,0,0,0
2018-03-28,수,실롱스키 스타디온,폴란드,DF,20,피슈체크,시오넥,0,0,0,1,0,0,0,0
2018-03-28,수,실롱스키 스타디온,폴란드,DF,4,시오넥,,0,0,0,1,0,0,0,0
2018-03-28,수,실롱스키 스타디온,폴란드,DF,15,글리크,케드지오라,0,0,0,0,0,0,0,0
2018-03-28,수,실롱스키 스타디온,폴란드,DF,25,케드지오라,,0,0,0,0,0,0,0,0
2018-03-28,수,실롱스키 스타디온,폴란드,DF,2,파즈단,,0,0,0,0,0,0,0,0
2018-03-28,수,실롱스키 스타디온,폴란드,MF,3,옌드레이첵,,0,0,0,2,0,0,0,0
2018-03-28,수,실롱스키 스타디온,폴란드,MF,30,로만추크,밀리크,0,0,0,0,0,0,0,0
2018-03-28,수,실롱스키 스타디온,폴란드,MF,5,마친스키,,0,0,0,2,0,0,0,0
2018-03-28,수,실롱스키 스타디온,폴란드,MF,13,리부스,쿠르자와,0,0,0,3,1,0,0,0
2018-03-28,수,실롱스키 스타디온,폴란드,MF,27,쿠르자와,,0,0,0,0,0,0,0,0
2018-03-28,수,실롱스키 스타디온,폴란드,FW,7,밀리크,,0,0,2,0,0,0,0,0
2018-03-28,수,실롱스키 스타디온,폴란드,FW,19,지엘린스키,,1,0,2,1,0,0,3,0
2018-03-28,수,실롱스키 스타디온,폴란드,FW,9,레반도프스키,테오도르칙,1,0,2,0,0,0,0,0
2018-03-28,수,실롱스키 스타디온,폴란드,FW,14,테오도르칙,,0,0,1,0,0,0,0,0
2018-03-28,수,실롱스키 스타디온,폴란드,FW,11,그로시키,,1,1,2,1,0,0,0,1
2018-04-08,일,킹 압둘라 경기장,대한민국,GK,1,윤영글,,0,0,0,0,0,0,0,0
2018-04-08,일,킹 압둘라 경기장,대한민국,DF,12,장슬기,,0,0,0,0,1,0,0,0
2018-04-08,일,킹 압둘라 경기장,대한민국,DF,6,임선주,,0,0,0,0,0,0,0,0
2018-04-08,일,킹 압둘라 경기장,대한민국,DF,4,김도연,,0,0,0,0,0,0,0,0
2018-04-08,일,킹 압둘라 경기장,대한민국,DF,20,김혜리,,0,0,0,0,0,0,0,0
2018-04-08,일,킹 압둘라 경기장,대한민국,MF,8,조소현,,0,0,0,3,0,0,0,0
2018-04-08,일,킹 압둘라 경기장,대한민국,MF,13,이영주,,0,0,0,0,0,0,0,0
2018-04-08,일,킹 압둘라 경기장,대한민국,MF,7,이민아,김혜리,0,0,0,0,0,0,0,0
2018-04-08,일,킹 압둘라 경기장,대한민국,MF,19,손화연,,0,0,0,0,0,0,0,0
2018-04-08,일,킹 압둘라 경기장,대한민국,FW,16,한채린,전가을,0,0,0,1,0,0,1,0
2018-04-08,일,킹 압둘라 경기장,대한민국,FW,9,전가을,,0,0,0,0,0,0,1,0
2018-04-08,일,킹 압둘라 경기장,대한민국,FW,10,지소연,,0,0,0,1,0,0,0,0
2018-04-08,일,킹 압둘라 경기장,대한민국,FW,17,이금민,,0,0,0,1,0,0,1,0
2018-04-08,일,킹 압둘라 경기장,대한민국,FW,11,정설빈,손화연,0,0,0,0,0,0,0,0
2018-04-08,일,킹 압둘라 경기장,호주,GK,1,리디아 윌리엄스,,0,0,0,0,0,0,0,0
2018-04-08,일,킹 압둘라 경기장,호주,DF,4,클레어 폴킹혼,,0,0,0,0,0,0,0,0
2018-04-08,일,킹 압둘라 경기장,호주,DF,7,스테파니 캐틀리,,0,0,0,1,0,0,0,0
2018-04-08,일,킹 압둘라 경기장,호주,DF,8,엘리스 켈론드 나이트,,0,0,0,2,0,0,2,0
2018-04-08,일,킹 압둘라 경기장,호주,DF,14,알라나 케네디,,0,0,0,0,0,0,0,0
2018-04-08,일,킹 압둘라 경기장,호주,MF,6,클로이 로가조,에밀리 기엘닉,0,0,3,2,0,0,1,0
2018-04-08,일,킹 압둘라 경기장,호주,MF,19,카트리나 고리,,0,0,1,1,0,0,1,0
2018-04-08,일,킹 압둘라 경기장,호주,MF,10,에밀리 반 에그몬드,,0,0,1,1,0,0,0,0
2018-04-08,일,킹 압둘라 경기장,호주,MF,13,타메카 버트,,0,0,2,1,0,0,0,0
2018-04-08,일,킹 압둘라 경기장,호주,FW,15,에밀리 기엘닉,,0,0,0,0,0,0,0,0
2018-04-08,일,킹 압둘라 경기장,호주,FW,11,리사 드 바나,카이아 사이먼,0,0,1,2,0,0,0,0
2018-04-08,일,킹 압둘라 경기장,호주,FW,17,카이아 사이먼,,0,0,2,0,0,0,0,0
2018-04-08,일,킹 압둘라 경기장,호주,FW,16,헤일리 라소,알라나 케네디,0,0,0,3,1,0,0,0
2018-04-08,일,킹 압둘라 경기장,호주,FW,20,사만다 커,,0,0,4,1,0,0,0,2
2018-04-10,화,암만 국제경기장,대한민국,GK,1,윤영글,,0,0,0,0,0,0,0,0
2018-04-10,화,암만 국제경기장,대한민국,DF,12,장슬기,,0,0,0,0,0,0,0,0
2018-04-10,화,암만 국제경기장,대한민국,DF,6,임선주,,0,0,0,1,0,0,0,0
2018-04-10,화,암만 국제경기장,대한민국,DF,4,김도연,,0,0,0,0,0,0,0,0
2018-04-10,화,암만 국제경기장,대한민국,DF,20,김혜리,이영주,0,0,0,1,0,0,0,0
2018-04-10,화,암만 국제경기장,대한민국,MF,13,이영주,,0,0,0,1,0,0,0,0
2018-04-10,화,암만 국제경기장,대한민국,MF,8,조소현,,0,0,0,5,0,0,0,1
2018-04-10,화,암만 국제경기장,대한민국,MF,7,이민아,이소담,0,0,2,1,0,0,0,0
2018-04-10,화,암만 국제경기장,대한민국,MF,15,이소담,,0,0,0,0,0,0,0,0
2018-04-10,화,암만 국제경기장,대한민국,FW,16,한채린,,0,0,1,1,0,0,3,0
2018-04-10,화,암만 국제경기장,대한민국,FW,10,지소연,,0,0,1,0,0,0,0,0
2018-04-10,화,암만 국제경기장,대한민국,FW,17,이금민,,0,0,0,0,0,0,0,4
2018-04-10,화,암만 국제경기장,대한민국,FW,11,정설빈,전가을,0,0,1,0,0,0,0,0
2018-04-10,화,암만 국제경기장,대한민국,FW,9,전가을,,0,0,1,0,0,0,0,0
2018-04-10,화,암만 국제경기장,일본,GK,18,야마시타 아야카,,0,0,0,0,0,0,0,0
2018-04-10,화,암만 국제경기장,일본,DF,22,시미즈 리사,,0,0,1,0,0,0,0,0
2018-04-10,화,암만 국제경기장,일본,DF,4,쿠마가이 사키,,0,0,0,1,0,0,0,0
2018-04-10,화,암만 국제경기장,일본,DF,5,이치세 나나,,0,0,1,0,0,0,0,0
2018-04-10,화,암만 국제경기장,일본,DF,3,사메시마 아야,,0,0,0,1,0,0,0,0
2018-04-10,화,암만 국제경기장,일본,MF,10,사카구치 미즈호,,0,0,0,1,0,0,1,0
2018-04-10,화,암만 국제경기장,일본,MF,14,하세가와 유이,,0,0,1,1,0,0,1,0
2018-04-10,화,암만 국제경기장,일본,MF,16,스미다 린,,0,0,1,2,0,0,0,0
2018-04-10,화,암만 국제경기장,일본,FW,9,카와스미 나호미,요코야마 구미,0,0,1,0,0,0,4,1
2018-04-10,화,암만 국제경기장,일본,FW,20,요코야마 구미,,0,0,0,0,0,0,0,0
2018-04-10,화,암만 국제경기장,일본,FW,8,이와부치 마나,,0,0,2,0,0,0,0,0
2018-04-10,화,암만 국제경기장,일본,FW,11,타나카 미나,스가사와 유이카 ,0,0,0,1,0,0,0,0
2018-04-10,화,암만 국제경기장,일본,FW,13,스가사와 유이카 ,,0,0,3,0,0,0,0,0
2018-04-13,금,킹 압둘라 경기장,대한민국,GK,1,윤영글,,0,0,0,0,0,0,0,0
2018-04-13,금,킹 압둘라 경기장,대한민국,DF,12,장슬기,,0,0,0,1,0,0,1,0
2018-04-13,금,킹 압둘라 경기장,대한민국,DF,6,임선주,,0,0,1,1,0,0,0,0
2018-04-13,금,킹 압둘라 경기장,대한민국,DF,5,홍혜지,,0,0,1,0,0,0,0,0
2018-04-13,금,킹 압둘라 경기장,대한민국,DF,20,김혜리,,0,0,0,1,0,0,0,0
2018-04-13,금,킹 압둘라 경기장,대한민국,MF,8,조소현,,1,0,2,4,0,0,0,0
2018-04-13,금,킹 압둘라 경기장,대한민국,MF,7,이민아,,2,0,4,1,0,0,0,1
2018-04-13,금,킹 압둘라 경기장,대한민국,MF,14,최유리,,0,0,0,0,0,0,0,0
2018-04-13,금,킹 압둘라 경기장,대한민국,MF,15,이소담,,0,0,1,0,0,0,0,0
2018-04-13,금,킹 압둘라 경기장,대한민국,FW,16,한채린,정설빈,0,0,0,0,0,0,1,0
2018-04-13,금,킹 압둘라 경기장,대한민국,FW,11,정설빈,,0,0,1,0,0,0,0,1
2018-04-13,금,킹 압둘라 경기장,대한민국,FW,9,전가을,최유리,0,1,2,0,0,0,11,0
2018-04-13,금,킹 압둘라 경기장,대한민국,FW,17,이금민,,1,0,1,0,0,0,0,1
2018-04-13,금,킹 압둘라 경기장,대한민국,FW,10,지소연,이소담,0,2,3,0,0,0,0,2
2018-04-13,금,킹 압둘라 경기장,베트남,GK,1,당 티 키우 트린,,0,0,0,0,0,0,0,0
2018-04-13,금,킹 압둘라 경기장,베트남,DF,2,응우옌 티 슈엔,,0,0,0,3,0,0,0,0
2018-04-13,금,킹 압둘라 경기장,베트남,DF,17,트란 티 홍 늉,,0,0,0,3,0,0,0,0
2018-04-13,금,킹 압둘라 경기장,베트남,DF,15,팜 티 투이,,0,0,0,1,0,0,0,0
2018-04-13,금,킹 압둘라 경기장,베트남,DF,3,추옹 티 키우,,0,0,0,0,0,0,0,0
2018-04-13,금,킹 압둘라 경기장,베트남,MF,23,팜 호앙 꾸인,,0,0,0,1,0,0,0,0
2018-04-13,금,킹 압둘라 경기장,베트남,MF,8,응우옌 티 리우,트란 티 투이 트랭,0,0,1,0,0,0,0,0
2018-04-13,금,킹 압둘라 경기장,베트남,MF,9,트란 티 투이 트랭,,0,0,0,0,0,0,0,0
2018-04-13,금,킹 압둘라 경기장,베트남,MF,7,응우옌 티 투이 둥,응우옌 티 반,0,0,0,0,0,0,0,0
2018-04-13,금,킹 압둘라 경기장,베트남,MF,18,응우옌 티 반,,0,0,0,0,0,0,0,1
2018-04-13,금,킹 압둘라 경기장,베트남,FW,13,응우옌 티 무온,,0,0,1,1,0,0,0,0
2018-04-13,금,킹 압둘라 경기장,베트남,FW,19,후인 니으,,0,0,1,0,0,0,0,0
2018-04-13,금,킹 압둘라 경기장,베트남,FW,11,응우옌 티 투이 항,팜 하이 옌,0,0,0,2,0,0,0,1
2018-04-13,금,킹 압둘라 경기장,베트남,FW,12,팜 하이 옌,,0,0,2,0,0,0,0,0
2018-04-17,화,암만 국제경기장,대한민국,GK,1,윤영글,,0,0,0,0,0,0,0,0
2018-04-17,화,암만 국제경기장,대한민국,DF,12,장슬기,,1,0,3,1,0,0,0,0
2018-04-17,화,암만 국제경기장,대한민국,DF,6,임선주,,1,0,3,1,0,0,0,0
2018-04-17,화,암만 국제경기장,대한민국,DF,4,김도연,,0,0,0,0,0,0,0,0
2018-04-17,화,암만 국제경기장,대한민국,DF,20,김혜리,,0,0,0,0,0,0,0,0
2018-04-17,화,암만 국제경기장,대한민국,MF,19,손화연,,0,0,0,0,0,0,0,0
2018-04-17,화,암만 국제경기장,대한민국,MF,22,장창,,0,0,0,0,0,0,1,0
2018-04-17,화,암만 국제경기장,대한민국,MF,8,조소현,,2,0,2,0,0,0,0,0
2018-04-17,화,암만 국제경기장,대한민국,MF,7,이민아,,1,0,5,1,1,0,0,0
2018-04-17,화,암만 국제경기장,대한민국,MF,14,최유리,,0,0,2,1,1,0,0,0
2018-04-17,화,암만 국제경기장,대한민국,FW,9,전가을,손화연,0,2,5,0,0,0,11,0
2018-04-17,화,암만 국제경기장,대한민국,FW,10,지소연,장창,0,1,1,0,0,0,0,0
2018-04-17,화,암만 국제경기장,대한민국,FW,17,이금민,,0,0,1,1,0,0,0,0
2018-04-17,화,암만 국제경기장,대한민국,FW,11,정설빈,최유리,0,0,0,0,0,0,0,0
2018-04-17,화,암만 국제경기장,필리핀,GK,12,케라 바스테스 존스,,0,0,0,0,0,0,0,0
2018-04-17,화,암만 국제경기장,필리핀,DF,5,할리 롱,파트리스 임펠리도,0,0,0,1,0,0,0,0
2018-04-17,화,암만 국제경기장,필리핀,DF,15,알렉사 디아즈,,0,0,0,1,0,0,1,0
2018-04-17,화,암만 국제경기장,필리핀,DF,22,찰리스 바이사,,0,0,0,0,0,0,0,1
2018-04-17,화,암만 국제경기장,필리핀,DF,2,클레어 림,,0,0,0,0,0,0,0,0
2018-04-17,화,암만 국제경기장,필리핀,MF,21,제시카 미클랫,,0,0,0,1,0,0,0,1
2018-04-17,화,암만 국제경기장,필리핀,MF,19,파트리스 임펠리도,,0,0,0,0,0,0,0,0
2018-04-17,화,암만 국제경기장,필리핀,MF,23,사리나 볼든,찰리스 바이사,0,0,1,1,0,0,0,2
2018-04-17,화,암만 국제경기장,필리핀,MF,11,라일리 부게이,,0,0,0,0,0,0,0,0
2018-04-17,화,암만 국제경기장,필리핀,MF,14,사라 카스타네다,,0,0,0,0,0,0,0,0
2018-04-17,화,암만 국제경기장,필리핀,MF,8,마리아 파크,,0,0,1,0,0,0,0,0
2018-04-17,화,암만 국제경기장,필리핀,MF,20,퀸리 퀘사다,클레어 림,0,0,0,1,0,0,0,0
2018-04-17,화,암만 국제경기장,필리핀,MF,18,타나이 애니스,,0,0,0,0,0,0,0,0
2018-04-17,화,암만 국제경기장,필리핀,FW,9,제시 셔그,,0,0,1,1,0,0,0,0
2018-05-27,일,스타드 데 라트레,대한민국,GK,1,민성준,,0,0,0,0,0,0,0,0
2018-05-27,일,스타드 데 라트레,대한민국,DF,3,이재익,,0,0,0,0,0,0,0,0
2018-05-27,일,스타드 데 라트레,대한민국,DF,5,고준희,,0,0,0,1,0,0,0,0
2018-05-27,일,스타드 데 라트레,대한민국,DF,13,이규혁,최준,0,0,0,1,0,0,0,0
2018-05-27,일,스타드 데 라트레,대한민국,DF,12,최준,,0,0,0,1,0,0,0,0
2018-05-27,일,스타드 데 라트레,대한민국,DF,2,황태현,이상준,0,0,0,0,0,0,0,0
2018-05-27,일,스타드 데 라트레,대한민국,DF,17,이상준,,0,0,0,0,0,0,0,0
2018-05-27,일,스타드 데 라트레,대한민국,MF,14,전세진,,0,0,1,0,0,0,1,0
2018-05-27,일,스타드 데 라트레,대한민국,MF,6,정호진,고재현,0,0,0,0,0,0,0,0
2018-05-27,일,스타드 데 라트레,대한민국,MF,8,고재현,,0,0,0,0,0,0,0,0
2018-05-27,일,스타드 데 라트레,대한민국,MF,20,이강인,,0,0,2,4,0,0,1,0
2018-05-27,일,스타드 데 라트레,대한민국,MF,19,김규형,엄원상,0,0,0,1,0,0,0,0
2018-05-27,일,스타드 데 라트레,대한민국,MF,11,엄원상,,0,0,1,0,0,0,0,0
2018-05-27,일,스타드 데 라트레,대한민국,MF,10,조영욱,,1,0,0,0,0,0,0,1
2018-05-27,일,스타드 데 라트레,대한민국,FW,9,오세훈,,0,0,1,1,0,0,0,0
2018-05-27,일,스타드 데 라트레,프랑스,GK,1,베르토,,0,0,0,0,0,0,0,0
2018-05-27,일,스타드 데 라트레,프랑스,DF,12,미쉐린,,0,0,0,1,0,0,0,0
2018-05-27,일,스타드 데 라트레,프랑스,DF,5,디사시,,0,0,0,0,0,0,0,0
2018-05-27,일,스타드 데 라트레,프랑스,DF,3,페라우,,0,1,0,2,0,0,0,0
2018-05-27,일,스타드 데 라트레,프랑스,DF,4,무쿠디,,0,0,0,0,0,0,0,0
2018-05-27,일,스타드 데 라트레,프랑스,MF,10,벨레가르드,,0,0,1,1,0,0,0,1
2018-05-27,일,스타드 데 라트레,프랑스,MF,6,블라스,부리오,0,0,3,1,0,0,2,0
2018-05-27,일,스타드 데 라트레,프랑스,MF,14,부리오,,0,0,0,0,0,0,0,0
2018-05-27,일,스타드 데 라트레,프랑스,MF,17,푹스,,0,0,0,4,1,0,0,0
2018-05-27,일,스타드 데 라트레,프랑스,FW,2,포산-클레멘트,미쉐린,0,0,1,1,0,0,0,0
2018-05-27,일,스타드 데 라트레,프랑스,FW,19,캉가,,1,1,3,0,0,0,0,1
2018-05-27,일,스타드 데 라트레,프랑스,FW,9,텔,라스미,2,1,4,2,0,0,0,0
2018-05-27,일,스타드 데 라트레,프랑스,FW,18,라스미,,0,0,0,0,0,0,0,0
2018-05-27,일,스타드 데 라트레,프랑스,FW,11,암브리,악셀 바카요코,1,0,2,1,0,0,0,0
2018-05-27,일,스타드 데 라트레,프랑스,FW,7,악셀 바카요코,,0,0,1,0,0,0,0,0
2018-05-28,월,대구스타디움,대한민국,GK,23,조현우,,0,0,0,0,0,0,0,0
2018-05-28,월,대구스타디움,대한민국,DF,19,홍철,김민우,0,0,0,1,0,0,1,0
2018-05-28,월,대구스타디움,대한민국,DF,17,김민우,,0,0,0,0,0,0,0,0
2018-05-28,월,대구스타디움,대한민국,DF,2,김영권,,0,0,0,0,0,0,0,0
2018-05-28,월,대구스타디움,대한민국,DF,4,정승현,오반석,0,0,0,3,0,0,0,0
2018-05-28,월,대구스타디움,대한민국,DF,15,오반석,,0,0,0,0,0,0,0,0
2018-05-28,월,대구스타디움,대한민국,DF,20,고요한,이용,0,0,2,1,0,0,1,0
2018-05-28,월,대구스타디움,대한민국,DF,22,이용,,0,0,0,0,0,0,0,0
2018-05-28,월,대구스타디움,대한민국,DF,18,박주호,,0,0,0,0,0,0,0,0
2018-05-28,월,대구스타디움,대한민국,MF,9,이승우,박주호,0,1,2,0,0,0,0,0
2018-05-28,월,대구스타디움,대한민국,MF,25,정우영,,0,0,2,1,0,0,0,0
2018-05-28,월,대구스타디움,대한민국,MF,26,주세종,,0,0,0,1,0,0,0,0
2018-05-28,월,대구스타디움,대한민국,MF,11,이청용,문선민,0,0,0,0,0,0,0,0
2018-05-28,월,대구스타디움,대한민국,MF,10,문선민,,1,0,1,0,0,0,0,1
2018-05-28,월,대구스타디움,대한민국,FW,13,손흥민,김신욱,1,0,3,0,0,0,1,0
2018-05-28,월,대구스타디움,대한민국,FW,12,김신욱,,0,0,0,0,0,0,0,0
2018-05-28,월,대구스타디움,대한민국,FW,14,황희찬,,0,1,0,2,0,0,0,1
2018-05-28,월,대구스타디움,온두라스,GK,22,도니스 에스코베르,,0,0,0,0,0,0,0,0
2018-05-28,월,대구스타디움,온두라스,DF,21,브라이언 베켈레스,,0,0,0,0,0,0,0,0
2018-05-28,월,대구스타디움,온두라스,DF,3,엔리 피게로아,,0,0,0,0,0,0,0,0
2018-05-28,월,대구스타디움,온두라스,DF,16,호니 레베론,,0,0,0,0,0,0,0,0
2018-05-28,월,대구스타디움,온두라스,DF,5,에베르 알바르도,,0,0,0,2,0,0,0,1
2018-05-28,월,대구스타디움,온두라스,DF,14,카를로스 산체스,,0,0,0,0,0,0,0,0
2018-05-28,월,대구스타디움,온두라스,MF,7,알레산데르 로페스,,0,0,1,1,0,0,0,0
2018-05-28,월,대구스타디움,온두라스,MF,20,호르헤 클라로스,조 베나비데스,0,0,0,2,1,0,0,0
2018-05-28,월,대구스타디움,온두라스,MF,13,조 베나비데스,,0,0,0,0,0,0,0,0
2018-05-28,월,대구스타디움,온두라스,MF,8,알프레도 메히아,,0,0,3,5,0,0,0,0
2018-05-28,월,대구스타디움,온두라스,MF,10,마리오 마르티네스,오비디오 란사,0,0,3,1,0,0,1,0
2018-05-28,월,대구스타디움,온두라스,FW,23,오비디오 란사,,0,0,0,0,0,0,0,0
2018-05-28,월,대구스타디움,온두라스,FW,11,로저 로하스,이반 로페스,0,0,0,0,0,0,0,0
2018-05-28,월,대구스타디움,온두라스,FW,6,이반 로페스,카를로스 산체스,0,0,0,0,0,0,0,0
2018-05-28,월,대구스타디움,온두라스,FW,9,루빌리오 카스티요,,0,0,1,3,1,0,0,1
2018-05-31,목,스타드 도뇌르,대한민국,GK,1,민성준,,0,0,0,0,0,0,0,0
2018-05-31,목,스타드 도뇌르,대한민국,DF,13,이규혁,,0,0,0,0,0,0,0,0
2018-05-31,목,스타드 도뇌르,대한민국,DF,3,이재익,,0,0,0,1,0,0,0,0
2018-05-31,목,스타드 도뇌르,대한민국,DF,5,고준희,,0,0,1,3,1,0,0,0
2018-05-31,목,스타드 도뇌르,대한민국,DF,2,황태현,,0,0,1,0,0,0,0,0
2018-05-31,목,스타드 도뇌르,대한민국,DF,17,이상준,,0,0,0,1,0,0,0,0
2018-05-31,목,스타드 도뇌르,대한민국,MF,11,엄원상,,0,0,0,1,1,0,0,0
2018-05-31,목,스타드 도뇌르,대한민국,MF,14,전세진,이상준,0,0,1,1,0,0,2,0
2018-05-31,목,스타드 도뇌르,대한민국,MF,20,이강인,,1,0,2,1,0,0,3,0
2018-05-31,목,스타드 도뇌르,대한민국,MF,8,고재현,김찬,0,0,2,1,0,0,0,1
2018-05-31,목,스타드 도뇌르,대한민국,MF,10,조영욱,정호진,0,1,0,2,0,0,0,0
2018-05-31,목,스타드 도뇌르,대한민국,MF,6,정호진,,0,0,0,1,0,0,0,0
2018-05-31,목,스타드 도뇌르,대한민국,FW,7,김찬,,0,0,0,1,0,0,0,0
2018-05-31,목,스타드 도뇌르,대한민국,FW,9,오세훈,,0,0,1,1,0,0,0,1
2018-05-31,목,스타드 도뇌르,토고,GK,16,요르간 아그블레마뇽,,0,0,0,0,0,0,0,0
2018-05-31,목,스타드 도뇌르,토고,DF,15,코드조비 조야그보,,0,0,0,2,0,0,0,0
2018-05-31,목,스타드 도뇌르,토고,DF,6,메산 투드지,,0,0,0,2,1,0,0,0
2018-05-31,목,스타드 도뇌르,토고,DF,5,하킴 우로-사마,,0,0,1,0,0,0,0,0
2018-05-31,목,스타드 도뇌르,토고,DF,7,기욤 예누시,,0,0,0,0,0,0,0,0
2018-05-31,목,스타드 도뇌르,토고,DF,13,옌도운티 발고우,,0,0,1,0,0,0,0,0
2018-05-31,목,스타드 도뇌르,토고,MF,18,토마스 오고도,,0,1,0,0,0,0,0,1
2018-05-31,목,스타드 도뇌르,토고,MF,8,아메비 가자보,옌도운티 발고우,0,0,0,1,1,0,0,0
2018-05-31,목,스타드 도뇌르,토고,MF,4,마르코 보코,,0,0,1,4,1,1,0,0
2018-05-31,목,스타드 도뇌르,토고,MF,10,빌랄리 아코로,,0,0,0,0,0,0,0,0
2018-05-31,목,스타드 도뇌르,토고,MF,9,엘롬 니야베지,,0,0,0,2,0,0,0,0
2018-05-31,목,스타드 도뇌르,토고,FW,11,아후에케 덴키,코미 아그바지,2,0,5,2,0,0,0,2
2018-05-31,목,스타드 도뇌르,토고,FW,2,코미 아그바지,,0,0,0,0,0,0,0,0
2018-05-31,목,스타드 도뇌르,토고,FW,3,아쉬라프 아고로,빌랄리 아코로,0,0,3,0,0,0,0,6
2018-05-31,목,스타드 도뇌르,토고,FW,22,티보 클리제,엘롬 니야베지,0,0,1,2,0,0,0,0
2018-06-01,금,전주월드컵경기장,대한민국,GK,1,김승규,,0,0,0,0,0,0,0,0
2018-06-01,금,전주월드컵경기장,대한민국,DF,15,오반석,권경원,0,0,0,0,0,0,0,0
2018-06-01,금,전주월드컵경기장,대한민국,DF,6,권경원,,0,0,0,0,0,0,0,0
2018-06-01,금,전주월드컵경기장,대한민국,DF,5,윤영선,정승현 ,0,0,0,0,0,0,0,0
2018-06-01,금,전주월드컵경기장,대한민국,DF,4,정승현 ,,0,0,0,1,0,0,0,0
2018-06-01,금,전주월드컵경기장,대한민국,DF,22,이용,,0,0,1,0,0,0,0,0
2018-06-01,금,전주월드컵경기장,대한민국,MF,24,기성용,김신욱,0,0,0,0,0,0,0,0
2018-06-01,금,전주월드컵경기장,대한민국,MF,17,김민우,,0,0,0,1,0,0,0,0
2018-06-01,금,전주월드컵경기장,대한민국,MF,25,정우영,,0,0,2,1,1,0,0,0
2018-06-01,금,전주월드컵경기장,대한민국,MF,8,이재성,문선민,1,0,2,1,0,0,3,0
2018-06-01,금,전주월드컵경기장,대한민국,MF,10,문선민,,0,0,0,1,0,0,0,0
2018-06-01,금,전주월드컵경기장,대한민국,MF,7,구자철,주세종,0,0,1,3,0,0,0,0
2018-06-01,금,전주월드컵경기장,대한민국,MF,26,주세종,,0,0,0,1,0,0,0,0
2018-06-01,금,전주월드컵경기장,대한민국,MF,9,이승우,,0,0,0,1,0,0,0,0
2018-06-01,금,전주월드컵경기장,대한민국,FW,12,김신욱,,0,0,0,0,0,0,0,0
2018-06-01,금,전주월드컵경기장,대한민국,FW,13,손흥민,,0,0,2,0,0,0,3,1
2018-06-01,금,전주월드컵경기장,대한민국,FW,14,황희찬,이승우,0,1,0,1,0,0,0,0
2018-06-01,금,전주월드컵경기장,보스니아 헤르체고비나,GK,12,이브라힘 세히치,,0,0,0,0,0,0,0,0
2018-06-01,금,전주월드컵경기장,보스니아 헤르체고비나,DF,4,다코 토도로비치,에르민 비차크치치,0,0,0,2,0,0,0,0
2018-06-01,금,전주월드컵경기장,보스니아 헤르체고비나,DF,3,에르민 비차크치치,,0,0,0,0,0,0,0,0
2018-06-01,금,전주월드컵경기장,보스니아 헤르체고비나,DF,15,토니 슈니치,,0,0,1,1,1,0,0,0
2018-06-01,금,전주월드컵경기장,보스니아 헤르체고비나,DF,17,에르빈 주카노비치,,0,0,0,1,0,0,0,0
2018-06-01,금,전주월드컵경기장,보스니아 헤르체고비나,DF,2,엘다르 시비치,,0,0,0,1,0,0,0,0
2018-06-01,금,전주월드컵경기장,보스니아 헤르체고비나,MF,13,고이코 시미로트,스테판 론차르,0,0,0,0,0,0,0,0
2018-06-01,금,전주월드컵경기장,보스니아 헤르체고비나,MF,19,스테판 론차르,,0,0,0,0,0,0,0,0
2018-06-01,금,전주월드컵경기장,보스니아 헤르체고비나,MF,7,무하메드 베시치,,0,1,1,0,0,0,0,0
2018-06-01,금,전주월드컵경기장,보스니아 헤르체고비나,MF,10,미랄렘 퍄니치,엘비스 사리치,0,0,0,2,0,0,1,0
2018-06-01,금,전주월드컵경기장,보스니아 헤르체고비나,MF,21,엘비스 사리치,,0,0,0,1,1,0,1,0
2018-06-01,금,전주월드컵경기장,보스니아 헤르체고비나,MF,8,에딘 비스카,데니 밀로셰비치,3,0,3,0,0,0,0,0
2018-06-01,금,전주월드컵경기장,보스니아 헤르체고비나,MF,23,데니 밀로셰비치,,0,0,0,0,0,0,0,0
2018-06-01,금,전주월드컵경기장,보스니아 헤르체고비나,MF,9,하리스 둘제비치,고란 자카리치,0,0,1,2,0,0,0,0
2018-06-01,금,전주월드컵경기장,보스니아 헤르체고비나,MF,20,고란 자카리치,,0,0,1,1,0,0,0,0
2018-06-01,금,전주월드컵경기장,보스니아 헤르체고비나,FW,11,에딘 제코,리아드 바이치,0,0,1,0,0,0,0,0
2018-06-01,금,전주월드컵경기장,보스니아 헤르체고비나,FW,16,리아드 바이치,,0,1,0,0,0,0,0,0
2018-06-02,토,스타드 파르세망,대한민국,GK,1,민성준,박지민,0,0,0,0,0,0,0,0
2018-06-02,토,스타드 파르세망,대한민국,GK,18,박지민,,0,0,0,0,0,0,0,0
2018-06-02,토,스타드 파르세망,대한민국,DF,4,이지솔,오세훈,0,0,0,3,0,0,0,0
2018-06-02,토,스타드 파르세망,대한민국,DF,3,이재익,,0,0,1,0,0,0,0,0
2018-06-02,토,스타드 파르세망,대한민국,DF,15,조진우,,0,0,1,1,0,0,0,0
2018-06-02,토,스타드 파르세망,대한민국,DF,13,이규혁,,0,0,0,1,0,0,0,1
2018-06-02,토,스타드 파르세망,대한민국,DF,12,최준,정호진,0,0,0,1,0,0,0,0
2018-06-02,토,스타드 파르세망,대한민국,MF,20,이강인,,1,0,2,2,1,0,4,0
2018-06-02,토,스타드 파르세망,대한민국,MF,8,고재현,,0,0,1,1,1,0,0,0
2018-06-02,토,스타드 파르세망,대한민국,MF,6,정호진,,0,0,0,0,0,0,0,0
2018-06-02,토,스타드 파르세망,대한민국,MF,11,엄원상,,0,0,1,2,0,0,0,0
2018-06-02,토,스타드 파르세망,대한민국,MF,10,조영욱,,0,0,1,2,0,0,0,0
2018-06-02,토,스타드 파르세망,대한민국,MF,19,김규형,전세진,0,0,0,0,0,0,0,0
2018-06-02,토,스타드 파르세망,대한민국,MF,14,전세진,,0,0,0,0,0,0,0,0
2018-06-02,토,스타드 파르세망,대한민국,FW,9,오세훈,,0,0,0,0,0,0,0,0
2018-06-02,토,스타드 파르세망,스코틀랜드,GK,1,로스 두핸,,0,0,0,0,0,0,0,0
2018-06-02,토,스타드 파르세망,스코틀랜드,DF,2,안토니 랄스턴,엘리엇 와트,0,0,0,2,0,0,0,0
2018-06-02,토,스타드 파르세망,스코틀랜드,DF,4,제이슨 커,,0,0,0,0,0,0,0,1
2018-06-02,토,스타드 파르세망,스코틀랜드,DF,5,라이언 포르테우스,,0,0,0,2,0,0,0,1
2018-06-02,토,스타드 파르세망,스코틀랜드,DF,3,그렉 테일러,,0,0,0,1,0,0,0,0
2018-06-02,토,스타드 파르세망,스코틀랜드,DF,19,크리스 해밀턴,,0,0,0,0,0,0,0,0
2018-06-02,토,스타드 파르세망,스코틀랜드,DF,6,다니엘 하비,,0,0,0,0,0,0,0,0
2018-06-02,토,스타드 파르세망,스코틀랜드,MF,14,엘리엇 와트,,0,0,0,2,0,0,0,0
2018-06-02,토,스타드 파르세망,스코틀랜드,MF,17,하비 세인트 클레어,,0,0,0,0,0,0,0,0
2018-06-02,토,스타드 파르세망,스코틀랜드,MF,16,빌리 길모어,,1,0,1,1,0,0,3,0
2018-06-02,토,스타드 파르세망,스코틀랜드,MF,13,이아인 윌슨,크리스 해밀턴,0,0,1,1,0,0,0,0
2018-06-02,토,스타드 파르세망,스코틀랜드,MF,15,글렌 미들턴,다니엘 하비,0,1,2,4,0,0,1,0
2018-06-02,토,스타드 파르세망,스코틀랜드,MF,20,알란 캠벨,,0,0,0,1,0,0,0,0
2018-06-02,토,스타드 파르세망,스코틀랜드,FW,7,올리버 버크,하비 세인트 클레어,1,0,1,1,0,0,0,0
2018-06-02,토,스타드 파르세망,스코틀랜드,FW,9,프레이저 혼비,,0,1,0,2,0,0,0,0
2018-06-05,화,스타드 도뇌르,대한민국,GK,18,박지민,,0,0,0,0,0,0,0,0
2018-06-05,화,스타드 도뇌르,대한민국,DF,13,이규혁,,0,0,0,0,0,0,0,0
2018-06-05,화,스타드 도뇌르,대한민국,DF,3,이재익,,0,0,0,0,0,0,0,0
2018-06-05,화,스타드 도뇌르,대한민국,DF,4,이지솔,,0,0,0,0,0,0,0,0
2018-06-05,화,스타드 도뇌르,대한민국,DF,2,황태현,,0,0,0,0,0,0,0,0
2018-06-05,화,스타드 도뇌르,대한민국,MF,14,전세진,,1,0,0,0,0,0,0,0
2018-06-05,화,스타드 도뇌르,대한민국,MF,16,이동건,,0,0,0,0,0,0,0,0
2018-06-05,화,스타드 도뇌르,대한민국,MF,8,고재현,,0,0,0,0,0,0,0,0
2018-06-05,화,스타드 도뇌르,대한민국,MF,6,정호진,,0,0,0,0,0,0,0,0
2018-06-05,화,스타드 도뇌르,대한민국,MF,11,엄원상,,0,0,0,0,0,0,0,0
2018-06-05,화,스타드 도뇌르,대한민국,MF,10,조영욱,,1,0,0,0,0,0,0,0
2018-06-05,화,스타드 도뇌르,카타르,GK,1,마르완 바드렐딘,,0,0,0,0,0,0,0,0
2018-06-05,화,스타드 도뇌르,카타르,DF,5,유세프 아이멘,,0,0,0,0,0,0,0,0
2018-06-05,화,스타드 도뇌르,카타르,DF,12,호맘 아흐메드,,0,0,0,0,0,0,0,0
2018-06-05,화,스타드 도뇌르,카타르,DF,2,나시르 바크시,,0,0,0,0,0,0,0,0
2018-06-05,화,스타드 도뇌르,카타르,MF,15,바하 엘레티,,0,0,0,0,0,0,0,0
2018-06-05,화,스타드 도뇌르,카타르,MF,10,칼레드 모하메드,,0,0,0,0,0,0,0,0
2018-06-05,화,스타드 도뇌르,카타르,MF,6,나세르 알 야지디,,0,0,0,0,0,0,0,0
2018-06-05,화,스타드 도뇌르,카타르,MF,8,나세르 압둘살람,,1,0,0,0,0,0,0,0
2018-06-05,화,스타드 도뇌르,카타르,FW,9,유스프 압두리사그,,0,0,0,0,0,0,0,0
2018-06-05,화,스타드 도뇌르,카타르,FW,16,하심 알리,,0,0,0,0,0,0,0,0
2018-06-05,화,스타드 도뇌르,카타르,FW,11,압둘라 무리시,,0,0,0,0,0,0,0,0
2018-06-07,목,티볼리 스타디움,대한민국,GK,1,김승규,김진현,0,0,0,0,0,0,0,0
2018-06-07,목,티볼리 스타디움,대한민국,GK,21,김진현,,0,0,0,0,0,0,0,0
2018-06-07,목,티볼리 스타디움,대한민국,DF,5,박주호,,0,0,0,2,0,0,0,0
2018-06-07,목,티볼리 스타디움,대한민국,DF,2,김영권,,0,0,0,0,0,0,0,0
2018-06-07,목,티볼리 스타디움,대한민국,DF,13,장현수,윤영선,0,0,0,1,0,0,0,0
2018-06-07,목,티볼리 스타디움,대한민국,DF,15,윤영선,,0,0,0,2,0,0,0,0
2018-06-07,목,티볼리 스타디움,대한민국,DF,17,이용,,0,0,0,0,0,0,0,0
2018-06-07,목,티볼리 스타디움,대한민국,DF,4,김민우,,0,0,0,1,0,0,0,0
2018-06-07,목,티볼리 스타디움,대한민국,MF,7,이승우,손흥민,0,0,0,2,0,0,0,0
2018-06-07,목,티볼리 스타디움,대한민국,MF,8,정우영,,0,0,1,0,0,0,0,0
2018-06-07,목,티볼리 스타디움,대한민국,MF,22,기성용,구자철,0,0,2,1,0,0,1,0
2018-06-07,목,티볼리 스타디움,대한민국,MF,24,구자철,,0,0,0,0,0,0,0,0
2018-06-07,목,티볼리 스타디움,대한민국,MF,11,문선민,이재성,0,0,0,1,0,0,0,0
2018-06-07,목,티볼리 스타디움,대한민국,MF,25,이재성,,0,0,0,0,0,0,1,0
2018-06-07,목,티볼리 스타디움,대한민국,FW,19,손흥민,,0,0,3,0,0,0,0,0
2018-06-07,목,티볼리 스타디움,대한민국,FW,14,김신욱,김민우,0,0,3,2,0,0,0,0
2018-06-07,목,티볼리 스타디움,대한민국,FW,16,황희찬,,0,0,1,2,0,0,0,0
2018-06-07,목,티볼리 스타디움,볼리비아,GK,1,카를로스 람페,,0,0,0,0,0,0,0,0
2018-06-07,목,티볼리 스타디움,볼리비아,DF,2,카를로스 아녜스,,0,0,0,0,0,0,0,0
2018-06-07,목,티볼리 스타디움,볼리비아,DF,16,로날드 랄데스,,0,0,0,0,0,0,0,0
2018-06-07,목,티볼리 스타디움,볼리비아,DF,4,루이스 아킨,,0,0,0,0,0,0,0,0
2018-06-07,목,티볼리 스타디움,볼리비아,DF,22,호세 사그레도,,0,0,0,0,0,0,0,0
2018-06-07,목,티볼리 스타디움,볼리비아,DF,8,에르윈 사아베드라,후안 리베라,0,0,0,1,0,0,0,0
2018-06-07,목,티볼리 스타디움,볼리비아,DF,17,후안 리베라,,0,0,0,0,0,0,0,0
2018-06-07,목,티볼리 스타디움,볼리비아,DF,6,다니 베하라노,로드리고 로드리게스,0,0,0,1,0,0,0,0
2018-06-07,목,티볼리 스타디움,볼리비아,MF,13,로드리고 로드리게스,,0,0,0,0,0,0,0,0
2018-06-07,목,티볼리 스타디움,볼리비아,MF,14,레오넬 후스티니아노,호세 루이스 바르가스,0,0,0,0,0,0,0,0
2018-06-07,목,티볼리 스타디움,볼리비아,MF,15,호세 루이스 바르가스,,0,0,0,0,0,0,0,0
2018-06-07,목,티볼리 스타디움,볼리비아,MF,10,자스마니 캄포스,엑토르 산체스,0,0,1,1,0,0,1,1
2018-06-07,목,티볼리 스타디움,볼리비아,MF,20,엑토르 산체스,,0,0,0,1,0,0,0,0
2018-06-07,목,티볼리 스타디움,볼리비아,FW,7,후안 카를로스 아르세,레오나르도 바카,0,0,0,0,0,0,0,0
2018-06-07,목,티볼리 스타디움,볼리비아,FW,9,레오나르도 바카,,0,0,0,0,0,0,0,0
2018-06-07,목,티볼리 스타디움,볼리비아,FW,18,로드리고 바르가스,루이스 알리,0,0,0,3,0,0,0,1
2018-06-07,목,티볼리 스타디움,볼리비아,FW,11,루이스 알리,,0,0,0,1,0,0,0,1
2018-06-11,월,DAS.GOLDBERG Stadion,대한민국,GK,23,조현우,,0,0,0,0,0,0,0,0
2018-06-11,월,DAS.GOLDBERG Stadion,대한민국,DF,12,김민우,,0,0,0,0,0,0,0,0
2018-06-11,월,DAS.GOLDBERG Stadion,대한민국,DF,19,김영권,,0,0,0,0,0,0,0,0
2018-06-11,월,DAS.GOLDBERG Stadion,대한민국,DF,20,장현수,,0,0,0,0,0,0,0,0
2018-06-11,월,DAS.GOLDBERG Stadion,대한민국,DF,2,이용,고요한,0,0,0,0,0,0,0,0
2018-06-11,월,DAS.GOLDBERG Stadion,대한민국,DF,22,고요한,,0,0,0,0,0,0,0,0
2018-06-11,월,DAS.GOLDBERG Stadion,대한민국,MF,10,이승우,,0,0,0,0,0,0,0,0
2018-06-11,월,DAS.GOLDBERG Stadion,대한민국,MF,16,기성용,,0,0,0,0,0,0,0,0
2018-06-11,월,DAS.GOLDBERG Stadion,대한민국,MF,13,구자철,,0,0,0,0,0,0,0,0
2018-06-11,월,DAS.GOLDBERG Stadion,대한민국,MF,17,이재성,,0,0,0,0,0,0,0,0
2018-06-11,월,DAS.GOLDBERG Stadion,대한민국,FW,9,김신욱,,0,0,0,0,0,0,0,0
2018-06-11,월,DAS.GOLDBERG Stadion,대한민국,FW,7,손흥민,,0,0,0,0,0,0,0,0
2018-06-11,월,DAS.GOLDBERG Stadion,세네갈,GK,16,카딤 은디아예,,0,0,0,0,0,0,0,0
2018-06-11,월,DAS.GOLDBERG Stadion,세네갈,DF,22,무사 와구에,,0,0,0,0,0,0,0,0
2018-06-11,월,DAS.GOLDBERG Stadion,세네갈,DF,6,살리프 사네,,0,0,0,0,0,0,0,0
2018-06-11,월,DAS.GOLDBERG Stadion,세네갈,DF,3,칼리두 쿨리발리,,0,0,0,0,0,0,0,0
2018-06-11,월,DAS.GOLDBERG Stadion,세네갈,MF,12,유스프 사발리,,0,0,0,0,0,0,0,0
2018-06-11,월,DAS.GOLDBERG Stadion,세네갈,MF,10,사디오 마네,,0,0,0,0,0,0,0,0
2018-06-11,월,DAS.GOLDBERG Stadion,세네갈,MF,8,체이쿠 쿠야테,,0,0,0,0,0,0,0,0
2018-06-11,월,DAS.GOLDBERG Stadion,세네갈,MF,18,이스말리아 사르,,0,0,0,0,0,0,0,0
2018-06-11,월,DAS.GOLDBERG Stadion,세네갈,MF,17,바두 은디아예,,0,0,0,0,0,0,0,0
2018-06-11,월,DAS.GOLDBERG Stadion,세네갈,MF,19,음바예 니앙,무사 코나테,0,0,0,0,0,0,0,0
2018-06-11,월,DAS.GOLDBERG Stadion,세네갈,FW,14,무사 코나테,,1,0,0,0,0,0,0,0
2018-06-11,월,DAS.GOLDBERG Stadion,세네갈,FW,15,디아프라 사코,,0,0,0,0,0,0,0,0
2018-08-15,수,Jalak Harupat Stadium,대한민국,GK,18,조현우,,0,0,0,0,0,0,0,0
2018-08-15,수,Jalak Harupat Stadium,대한민국,DF,2,황현수,,0,0,0,1,0,0,0,0
2018-08-15,수,Jalak Harupat Stadium,대한민국,DF,3,김민재,김건웅,0,0,0,0,0,0,0,0
2018-08-15,수,Jalak Harupat Stadium,대한민국,DF,4,김진야,,1,0,2,0,0,0,0,0
2018-08-15,수,Jalak Harupat Stadium,대한민국,DF,6,김문환,,0,1,1,0,0,0,0,0
2018-08-15,수,Jalak Harupat Stadium,대한민국,MF,19,김건웅,,0,0,0,0,0,0,0,0
2018-08-15,수,Jalak Harupat Stadium,대한민국,MF,13,조유민,,0,0,0,3,0,0,0,0
2018-08-15,수,Jalak Harupat Stadium,대한민국,MF,15,이승모,,0,0,1,1,0,0,0,0
2018-08-15,수,Jalak Harupat Stadium,대한민국,MF,10,황인범,황희찬,0,1,2,1,0,0,2,0
2018-08-15,수,Jalak Harupat Stadium,대한민국,MF,14,장윤호,,0,0,0,1,0,0,3,0
2018-08-15,수,Jalak Harupat Stadium,대한민국,FW,9,황희찬,,1,0,4,0,0,0,0,0
2018-08-15,수,Jalak Harupat Stadium,대한민국,FW,16,황의조,이승우,3,0,5,0,0,0,1,0
2018-08-15,수,Jalak Harupat Stadium,대한민국,FW,17,이승우,,0,0,0,0,0,0,0,0
2018-08-15,수,Jalak Harupat Stadium,대한민국,FW,11,나상호,,1,0,1,1,0,0,0,0
2018-08-15,수,Jalak Harupat Stadium,바레인,GK,19,암마르 아흐메드,,0,0,0,0,0,0,0,0
2018-08-15,수,Jalak Harupat Stadium,바레인,DF,2,사예드 슈바르,,0,0,1,3,1,0,0,0
2018-08-15,수,Jalak Harupat Stadium,바레인,DF,3,아흐메드 부가마르,,0,0,1,3,1,0,0,0
2018-08-15,수,Jalak Harupat Stadium,바레인,DF,4,후사인 사바,,0,0,2,1,0,0,0,0
2018-08-15,수,Jalak Harupat Stadium,바레인,DF,5,하마드 알샴산,,0,0,0,1,1,0,0,0
2018-08-15,수,Jalak Harupat Stadium,바레인,DF,15,하산 알카라니,후사인 알카야트,0,0,0,0,0,0,0,0
2018-08-15,수,Jalak Harupat Stadium,바레인,DF,6,후사인 알카야트,,0,0,0,0,0,0,0,0
2018-08-15,수,Jalak Harupat Stadium,바레인,MF,8,모하메드 마르훈,,0,0,2,1,0,0,1,0
2018-08-15,수,Jalak Harupat Stadium,바레인,MF,10,모하메드 하르단,,0,0,0,2,0,0,0,0
2018-08-15,수,Jalak Harupat Stadium,바레인,MF,12,자심 알살라마,압둘라흐만 아흐메디,0,0,0,0,0,0,0,0
2018-08-15,수,Jalak Harupat Stadium,바레인,MF,18,압둘라흐만 아흐메디,,0,0,1,0,0,0,0,0
2018-08-15,수,Jalak Harupat Stadium,바레인,MF,9,아흐메드 사나드,아흐메드 알세루키,0,0,0,0,0,0,1,0
2018-08-15,수,Jalak Harupat Stadium,바레인,FW,16,하심 하심,,0,0,2,1,0,0,0,0
2018-08-15,수,Jalak Harupat Stadium,바레인,FW,17,아흐메드 알세루키,,0,0,0,0,0,0,3,0
2018-08-17,금,Jalak Harupat Stadium,대한민국,GK,1,송범근,,0,0,0,0,0,0,0,0
2018-08-17,금,Jalak Harupat Stadium,대한민국,DF,2,황현수,,0,0,0,0,0,0,0,0
2018-08-17,금,Jalak Harupat Stadium,대한민국,DF,3,김민재,,0,0,0,2,1,0,0,0
2018-08-17,금,Jalak Harupat Stadium,대한민국,DF,4,김진야,,0,0,0,0,0,0,0,2
2018-08-17,금,Jalak Harupat Stadium,대한민국,DF,12,이시영,,0,0,0,0,0,0,0,0
2018-08-17,금,Jalak Harupat Stadium,대한민국,MF,13,조유민,이승모,0,0,0,0,0,0,0,0
2018-08-17,금,Jalak Harupat Stadium,대한민국,MF,15,이승모,,0,0,0,0,0,0,0,0
2018-08-17,금,Jalak Harupat Stadium,대한민국,MF,8,이진현,,0,1,2,3,0,0,1,0
2018-08-17,금,Jalak Harupat Stadium,대한민국,MF,19,김건웅,황인범,0,0,1,0,0,0,0,0
2018-08-17,금,Jalak Harupat Stadium,대한민국,MF,10,황인범,,0,0,1,0,0,0,2,0
2018-08-17,금,Jalak Harupat Stadium,대한민국,MF,20,김정민,손흥민,0,0,1,1,0,0,1,0
2018-08-17,금,Jalak Harupat Stadium,대한민국,MF,7,손흥민,,0,0,2,1,0,0,0,1
2018-08-17,금,Jalak Harupat Stadium,대한민국,FW,16,황의조,,1,0,2,1,0,0,0,1
2018-08-17,금,Jalak Harupat Stadium,대한민국,FW,9,황희찬,,0,0,3,2,0,0,0,0
2018-08-17,금,Jalak Harupat Stadium,말레이시아,GK,22,나드즐리,,0,0,0,0,1,0,0,0
2018-08-17,금,Jalak Harupat Stadium,말레이시아,DF,9,아즐림,,0,0,0,0,0,0,0,0
2018-08-17,금,Jalak Harupat Stadium,말레이시아,DF,14,준 진 탄,,0,0,0,1,0,0,0,0
2018-08-17,금,Jalak Harupat Stadium,말레이시아,DF,17,자카리아,,0,0,0,0,1,0,0,0
2018-08-17,금,Jalak Harupat Stadium,말레이시아,DF,2,아딥 자이누딘,,0,0,0,0,0,0,0,0
2018-08-17,금,Jalak Harupat Stadium,말레이시아,MF,5,사파리,압둘 라작,0,0,0,3,0,0,0,0
2018-08-17,금,Jalak Harupat Stadium,말레이시아,MF,7,바크티아르,,0,0,0,1,0,0,0,0
2018-08-17,금,Jalak Harupat Stadium,말레이시아,MF,15,가잘리,,0,0,0,1,1,0,0,0
2018-08-17,금,Jalak Harupat Stadium,말레이시아,MF,21,안딕 이샤크,,0,0,0,0,0,0,0,0
2018-08-17,금,Jalak Harupat Stadium,말레이시아,FW,10,압둘 라작,,0,0,0,0,0,0,0,0
2018-08-17,금,Jalak Harupat Stadium,말레이시아,FW,20,아흐마드,모하나 라지,0,0,2,0,0,0,0,0
2018-08-17,금,Jalak Harupat Stadium,말레이시아,FW,19,모하나 라지,,0,0,0,0,0,0,0,0
2018-08-17,금,Jalak Harupat Stadium,말레이시아,FW,11,라시드,아딥 자이누딘,2,0,2,0,0,0,2,0
2018-08-17,금,Jalak Harupat Stadium,말레이시아,FW,18,압둘 라시드,,0,0,0,0,0,0,0,0
2018-08-20,월,Jalak Harupat Stadium,대한민국,GK,18,조현우,,0,0,0,0,0,0,0,0
2018-08-20,월,Jalak Harupat Stadium,대한민국,DF,4,김진야,,0,0,1,2,0,0,0,0
2018-08-20,월,Jalak Harupat Stadium,대한민국,DF,3,김민재,,0,0,1,1,1,0,0,0
2018-08-20,월,Jalak Harupat Stadium,대한민국,DF,5,정태욱,,0,0,0,2,0,0,0,0
2018-08-20,월,Jalak Harupat Stadium,대한민국,MF,6,김문환,,0,0,1,0,0,0,0,0
2018-08-20,월,Jalak Harupat Stadium,대한민국,MF,14,장윤호,,0,1,1,3,0,0,4,0
2018-08-20,월,Jalak Harupat Stadium,대한민국,MF,10,황인범,조유민,0,0,4,2,0,0,5,0
2018-08-20,월,Jalak Harupat Stadium,대한민국,MF,13,조유민,,0,0,0,0,0,0,0,0
2018-08-20,월,Jalak Harupat Stadium,대한민국,MF,15,이승모,,0,0,2,0,0,0,0,0
2018-08-20,월,Jalak Harupat Stadium,대한민국,FW,7,손흥민,,1,0,6,0,0,0,1,0
2018-08-20,월,Jalak Harupat Stadium,대한민국,FW,16,황의조,황희찬,0,0,2,0,0,0,0,0
2018-08-20,월,Jalak Harupat Stadium,대한민국,FW,9,황희찬,,0,0,3,1,0,0,0,0
2018-08-20,월,Jalak Harupat Stadium,대한민국,FW,11,나상호,이승우,0,0,3,0,0,0,0,0
2018-08-20,월,Jalak Harupat Stadium,대한민국,FW,17,이승우,,0,0,0,1,0,0,0,0
2018-08-20,월,Jalak Harupat Stadium,키르기스스탄,GK,1,아키말리에프,,0,0,0,0,0,0,0,0
2018-08-20,월,Jalak Harupat Stadium,키르기스스탄,DF,2,유수포프,,0,0,0,0,0,0,0,0
2018-08-20,월,Jalak Harupat Stadium,키르기스스탄,DF,3,쿠즈바에프,,0,0,1,1,0,0,0,0
2018-08-20,월,Jalak Harupat Stadium,키르기스스탄,DF,5,아크마토프,,0,0,0,1,0,0,0,0
2018-08-20,월,Jalak Harupat Stadium,키르기스스탄,DF,4,살리에프,,0,0,0,1,0,0,0,0
2018-08-20,월,Jalak Harupat Stadium,키르기스스탄,DF,6,무르자셰프,샤르베코프,0,0,0,1,0,0,0,0
2018-08-20,월,Jalak Harupat Stadium,키르기스스탄,DF,12,마니베코프,,0,0,0,0,0,0,0,0
2018-08-20,월,Jalak Harupat Stadium,키르기스스탄,MF,10,압두라크마노프,사르다르베코프,0,0,0,1,0,0,0,0
2018-08-20,월,Jalak Harupat Stadium,키르기스스탄,MF,16,사르다르베코프,,0,0,0,0,0,0,0,0
2018-08-20,월,Jalak Harupat Stadium,키르기스스탄,MF,7,주마셰프,,0,0,0,0,0,0,0,0
2018-08-20,월,Jalak Harupat Stadium,키르기스스탄,MF,14,바라토프,,0,0,1,2,0,0,0,0
2018-08-20,월,Jalak Harupat Stadium,키르기스스탄,MF,18,바티르카노프,,0,0,1,0,0,0,0,0
2018-08-20,월,Jalak Harupat Stadium,키르기스스탄,FW,9,샤르베코프,,0,0,0,0,0,0,0,0
2018-08-20,월,Jalak Harupat Stadium,키르기스스탄,FW,11,지르갈벡 울루,주마셰프,0,0,0,1,1,0,1,0
2018-08-23,목,Wibawa Mukti Stadium,대한민국,GK,18,조현우,송범근,0,0,0,0,0,0,0,0
2018-08-23,목,Wibawa Mukti Stadium,대한민국,GK,1,송범근,,0,0,0,0,0,0,0,0
2018-08-23,목,Wibawa Mukti Stadium,대한민국,DF,4,김진야,,0,0,0,3,0,0,0,0
2018-08-23,목,Wibawa Mukti Stadium,대한민국,DF,2,황현수,,0,0,0,0,0,0,0,0
2018-08-23,목,Wibawa Mukti Stadium,대한민국,DF,5,정태욱,,0,0,0,0,0,0,0,0
2018-08-23,목,Wibawa Mukti Stadium,대한민국,MF,13,조유민,,0,0,0,0,0,0,0,0
2018-08-23,목,Wibawa Mukti Stadium,대한민국,MF,6,김문환,,0,0,1,0,0,0,0,0
2018-08-23,목,Wibawa Mukti Stadium,대한민국,MF,15,이승모,,0,0,1,1,0,0,0,0
2018-08-23,목,Wibawa Mukti Stadium,대한민국,MF,10,황인범,정태욱,0,1,1,1,1,0,1,0
2018-08-23,목,Wibawa Mukti Stadium,대한민국,MF,14,장윤호,,0,0,0,1,0,0,0,0
2018-08-23,목,Wibawa Mukti Stadium,대한민국,MF,20,김정민,,0,0,0,0,0,0,0,0
2018-08-23,목,Wibawa Mukti Stadium,대한민국,FW,17,이승우,김정민,1,0,1,1,0,0,0,2
2018-08-23,목,Wibawa Mukti Stadium,대한민국,FW,16,황의조,,1,0,2,1,0,0,0,2
2018-08-23,목,Wibawa Mukti Stadium,대한민국,FW,7,손흥민,,0,0,2,2,0,0,0,1
2018-08-23,목,Wibawa Mukti Stadium,이란,GK,1,아미니 자제라니,,0,0,0,0,0,0,0,0
2018-08-23,목,Wibawa Mukti Stadium,이란,DF,2,아간잔푸르,,0,0,0,1,1,0,0,0
2018-08-23,목,Wibawa Mukti Stadium,이란,DF,3,모슬레미푸르 잔자납,,0,0,0,0,0,0,0,0
2018-08-23,목,Wibawa Mukti Stadium,이란,DF,5,아르타,,0,0,0,1,0,0,0,0
2018-08-23,목,Wibawa Mukti Stadium,이란,DF,20,콜라소르키,,0,0,2,1,0,0,0,0
2018-08-23,목,Wibawa Mukti Stadium,이란,MF,7,델피,,0,0,4,2,0,0,0,0
2018-08-23,목,Wibawa Mukti Stadium,이란,MF,9,메흐디카니,,0,0,1,2,1,0,0,1
2018-08-23,목,Wibawa Mukti Stadium,이란,MF,19,코다반데흘로,,0,0,1,0,0,0,0,0
2018-08-23,목,Wibawa Mukti Stadium,이란,MF,13,레자그푸르,아흐마드반드,0,0,0,1,0,0,0,0
2018-08-23,목,Wibawa Mukti Stadium,이란,MF,15,아흐마드반드,,0,0,1,0,0,0,0,0
2018-08-23,목,Wibawa Mukti Stadium,이란,MF,11,가예디,,0,0,0,0,0,0,1,0
2018-08-23,목,Wibawa Mukti Stadium,이란,FW,10,아자디 안디제흐,자비레흐,0,0,1,1,0,0,0,4
2018-08-23,목,Wibawa Mukti Stadium,이란,FW,14,자비레흐,,0,0,0,0,0,0,0,0
2018-08-23,목,Wibawa Mukti Stadium,이란,FW,16,루스타에이,가예디,0,0,0,1,0,0,0,0
2018-08-27,월,Patriot Chandrabhaga Stadium,대한민국,GK,1,송범근,,0,0,0,0,0,0,0,0
2018-08-27,월,Patriot Chandrabhaga Stadium,대한민국,DF,4,김진야,김정민,0,0,0,4,0,0,0,0
2018-08-27,월,Patriot Chandrabhaga Stadium,대한민국,DF,2,황현수,,0,0,0,0,0,0,0,0
2018-08-27,월,Patriot Chandrabhaga Stadium,대한민국,DF,3,김민재,,0,0,0,2,1,0,0,0
2018-08-27,월,Patriot Chandrabhaga Stadium,대한민국,MF,20,김정민,,0,0,0,0,0,0,0,0
2018-08-27,월,Patriot Chandrabhaga Stadium,대한민국,MF,6,김문환,,0,0,0,0,0,0,0,0
2018-08-27,월,Patriot Chandrabhaga Stadium,대한민국,MF,15,이승모,이승우,0,0,0,1,0,0,0,0
2018-08-27,월,Patriot Chandrabhaga Stadium,대한민국,MF,10,황인범,,0,1,2,1,0,0,1,0
2018-08-27,월,Patriot Chandrabhaga Stadium,대한민국,MF,14,장윤호,이진현,0,0,0,2,0,0,0,0
2018-08-27,월,Patriot Chandrabhaga Stadium,대한민국,MF,8,이진현,,0,0,0,2,1,0,3,0
2018-08-27,월,Patriot Chandrabhaga Stadium,대한민국,MF,7,손흥민,,0,2,2,1,0,0,0,0
2018-08-27,월,Patriot Chandrabhaga Stadium,대한민국,FW,17,이승우,,0,0,3,1,1,0,0,0
2018-08-27,월,Patriot Chandrabhaga Stadium,대한민국,FW,11,나상호,황희찬,0,0,0,0,0,0,0,0
2018-08-27,월,Patriot Chandrabhaga Stadium,대한민국,FW,9,황희찬,,1,0,0,0,1,0,0,0
2018-08-27,월,Patriot Chandrabhaga Stadium,대한민국,FW,16,황의조,,3,0,5,1,0,0,0,0
2018-08-27,월,Patriot Chandrabhaga Stadium,우즈베키스탄,GK,1,에르가셰프,,0,0,0,0,0,0,0,0
2018-08-27,월,Patriot Chandrabhaga Stadium,우즈베키스탄,DF,2,아슈르마토프,,0,0,0,4,1,0,0,0
2018-08-27,월,Patriot Chandrabhaga Stadium,우즈베키스탄,DF,4,코밀로프,,0,0,0,4,0,0,0,0
2018-08-27,월,Patriot Chandrabhaga Stadium,우즈베키스탄,DF,5,오타코노프,,0,0,0,3,0,0,0,0
2018-08-27,월,Patriot Chandrabhaga Stadium,우즈베키스탄,DF,20,투르수노프,,0,0,0,1,0,0,0,0
2018-08-27,월,Patriot Chandrabhaga Stadium,우즈베키스탄,DF,16,나르줄라에프,,0,0,0,0,0,0,0,0
2018-08-27,월,Patriot Chandrabhaga Stadium,우즈베키스탄,MF,6,마샤리포프,시도로프,1,0,1,1,0,0,0,0
2018-08-27,월,Patriot Chandrabhaga Stadium,우즈베키스탄,MF,7,잠로베코프,,0,0,3,2,0,0,0,0
2018-08-27,월,Patriot Chandrabhaga Stadium,우즈베키스탄,MF,14,알리바에프,,1,0,3,2,1,1,0,0
2018-08-27,월,Patriot Chandrabhaga Stadium,우즈베키스탄,MF,17,캄다모프,압디솔리코프,0,0,1,1,1,0,2,0
2018-08-27,월,Patriot Chandrabhaga Stadium,우즈베키스탄,MF,10,시디코프,지요소프,0,0,1,1,0,0,1,0
2018-08-27,월,Patriot Chandrabhaga Stadium,우즈베키스탄,MF,18,지요소프,,0,0,0,0,0,0,0,0
2018-08-27,월,Patriot Chandrabhaga Stadium,우즈베키스탄,FW,19,시도로프,,0,0,0,0,0,0,0,1
2018-08-27,월,Patriot Chandrabhaga Stadium,우즈베키스탄,FW,11,압디솔리코프,,0,0,0,1,0,0,0,0
2018-08-27,월,Patriot Chandrabhaga Stadium,우즈베키스탄,FW,9,우린보에프,나르줄라에프,0,0,5,2,0,0,0,1
2018-08-28,화,JSC - Gelora Sriwijaya,대한민국,GK,1,윤영글,,0,0,0,0,0,0,0,0
2018-08-28,화,JSC - Gelora Sriwijaya,대한민국,DF,2,장슬기,,0,0,0,0,0,0,1,0
2018-08-28,화,JSC - Gelora Sriwijaya,대한민국,DF,3,신담영,이은미,0,0,0,0,0,0,0,0
2018-08-28,화,JSC - Gelora Sriwijaya,대한민국,DF,19,이은미,,0,0,0,0,0,0,0,0
2018-08-28,화,JSC - Gelora Sriwijaya,대한민국,DF,6,임선주,,0,0,0,2,0,0,0,0
2018-08-28,화,JSC - Gelora Sriwijaya,대한민국,DF,20,김혜리,,0,0,1,0,0,0,0,0
2018-08-28,화,JSC - Gelora Sriwijaya,대한민국,MF,10,지소연,,0,0,1,1,0,0,1,1
2018-08-28,화,JSC - Gelora Sriwijaya,대한민국,MF,8,조소현,,0,0,0,0,0,0,0,0
2018-08-28,화,JSC - Gelora Sriwijaya,대한민국,MF,7,이민아,,1,0,5,1,0,0,0,1
2018-08-28,화,JSC - Gelora Sriwijaya,대한민국,MF,12,문미라,,0,1,2,2,0,0,0,2
2018-08-28,화,JSC - Gelora Sriwijaya,대한민국,FW,9,전가을,손화연,0,0,0,1,0,0,2,0
2018-08-28,화,JSC - Gelora Sriwijaya,대한민국,FW,16,손화연,,0,0,1,1,0,0,1,0
2018-08-28,화,JSC - Gelora Sriwijaya,대한민국,FW,11,이금민,,0,0,1,0,0,0,0,1
2018-08-28,화,JSC - Gelora Sriwijaya,대한민국,FW,17,이현영,문미라,0,0,0,0,0,0,0,0
2018-08-28,화,JSC - Gelora Sriwijaya,일본,GK,18, 야마시타 아야카,,0,0,0,0,1,0,0,0
2018-08-28,화,JSC - Gelora Sriwijaya,일본,DF,2,시미즈 리사,,0,0,0,1,0,0,0,0
2018-08-28,화,JSC - Gelora Sriwijaya,일본,DF,3,아야 사메시마,,0,0,0,1,0,0,0,0
2018-08-28,화,JSC - Gelora Sriwijaya,일본,DF,4,미야케 시오리,,0,0,0,0,0,0,0,0
2018-08-28,화,JSC - Gelora Sriwijaya,일본,DF,6,사리요시 사오리,,0,0,0,0,0,0,0,0
2018-08-28,화,JSC - Gelora Sriwijaya,일본,DF,17,쿠니타케 아이미,사카구치 모에노,0,0,0,2,0,0,0,0
2018-08-28,화,JSC - Gelora Sriwijaya,일본,MF,7,나카지마 에미,모미키 유카,0,0,0,1,0,0,1,0
2018-08-28,화,JSC - Gelora Sriwijaya,일본,MF,10,모미키 유카,,0,0,0,0,0,0,0,0
2018-08-28,화,JSC - Gelora Sriwijaya,일본,MF,15,사카구치 모에노,,0,0,0,1,0,0,0,0
2018-08-28,화,JSC - Gelora Sriwijaya,일본,MF,13,나가사토 유,스미다 린,0,0,0,1,0,0,0,0
2018-08-28,화,JSC - Gelora Sriwijaya,일본,MF,16,스미다 린,,0,0,0,0,0,0,0,0
2018-08-28,화,JSC - Gelora Sriwijaya,일본,MF,14,하세가와 유이,,0,0,1,0,0,0,0,0
2018-08-28,화,JSC - Gelora Sriwijaya,일본,FW,8,이와부치 마나,,0,0,0,3,0,0,0,0
2018-08-28,화,JSC - Gelora Sriwijaya,일본,FW,9,스가사와 유이카,,1,0,2,0,0,0,0,1
2018-08-29,수,Pakan Sari Stadium,대한민국,GK,18,조현우,,0,0,0,0,0,0,0,0
2018-08-29,수,Pakan Sari Stadium,대한민국,DF,4,김진야,,0,0,0,0,0,0,0,0
2018-08-29,수,Pakan Sari Stadium,대한민국,DF,3,김민재,,0,0,0,0,0,0,0,0
2018-08-29,수,Pakan Sari Stadium,대한민국,DF,2,황현수,,0,0,0,0,0,0,0,0
2018-08-29,수,Pakan Sari Stadium,대한민국,DF,12,이시영,,0,0,0,1,1,0,0,0
2018-08-29,수,Pakan Sari Stadium,대한민국,MF,13,조유민,,0,0,0,0,0,0,0,0
2018-08-29,수,Pakan Sari Stadium,대한민국,MF,6,김문환,,0,0,0,1,0,0,0,0
2018-08-29,수,Pakan Sari Stadium,대한민국,MF,20,김정민,,0,0,0,1,0,0,0,0
2018-08-29,수,Pakan Sari Stadium,대한민국,MF,7,손흥민,이시영,0,0,0,2,1,0,1,0
2018-08-29,수,Pakan Sari Stadium,대한민국,MF,8,이진현,,0,0,0,0,0,0,0,0
2018-08-29,수,Pakan Sari Stadium,대한민국,FW,17,이승우,황현수,2,0,3,1,0,0,0,0
2018-08-29,수,Pakan Sari Stadium,대한민국,FW,9,황희찬,,0,0,0,1,0,0,0,2
2018-08-29,수,Pakan Sari Stadium,대한민국,FW,16,황의조,나상호,1,0,1,0,0,0,0,2
2018-08-29,수,Pakan Sari Stadium,대한민국,FW,11,나상호,,0,0,0,2,1,0,0,0
2018-08-29,수,Pakan Sari Stadium,베트남,GK,50,부이 티엔 둥,,0,0,0,0,0,0,0,0
2018-08-29,수,Pakan Sari Stadium,베트남,DF,2,팜 쑤안 만,,0,0,2,2,1,0,0,1
2018-08-29,수,Pakan Sari Stadium,베트남,DF,3,도 두이 만,,0,0,0,1,0,0,0,1
2018-08-29,수,Pakan Sari Stadium,베트남,DF,4,부이 티엔 둥,,0,0,0,1,0,0,0,0
2018-08-29,수,Pakan Sari Stadium,베트남,DF,17,부 반 탄,,0,0,0,3,0,0,0,0
2018-08-29,수,Pakan Sari Stadium,베트남,DF,21,쩐 딘 쫑,,0,0,0,2,1,0,0,0
2018-08-29,수,Pakan Sari Stadium,베트남,MF,6,르엉 쑤언 쯔엉,쩐 민 부옹,0,0,0,2,0,0,0,0
2018-08-29,수,Pakan Sari Stadium,베트남,MF,16,쩐 민 부옹,,1,0,1,0,0,0,1,0
2018-08-29,수,Pakan Sari Stadium,베트남,MF,15,팜 득 후이,응우옌 반 퀴옛,0,0,0,0,0,0,0,0
2018-08-29,수,Pakan Sari Stadium,베트남,MF,19,응우옌 쿠앙 하이,,0,0,2,0,0,0,0,0
2018-08-29,수,Pakan Sari Stadium,베트남,MF,9,응우옌 콩 푸엉,,0,0,1,0,0,0,0,0
2018-08-29,수,Pakan Sari Stadium,베트남,FW,10,응우옌 반 퀴옛,,0,0,2,1,0,0,2,0
2018-08-29,수,Pakan Sari Stadium,베트남,FW,11,응우옌 안 둑,응우옌 콩 푸엉,0,0,1,0,0,0,0,0
2018-08-29,수,Pakan Sari Stadium,베트남,FW,20,판 반 둑,,0,0,2,1,0,0,1,0
2018-08-31,금,JSC - Gelora Sriwijaya,대한민국,GK,1,윤영글,,0,0,0,0,0,0,0,0
2018-08-31,금,JSC - Gelora Sriwijaya,대한민국,DF,19,이은미,,0,0,2,1,0,0,2,0
2018-08-31,금,JSC - Gelora Sriwijaya,대한민국,DF,4,심서연,,0,0,0,0,0,0,0,0
2018-08-31,금,JSC - Gelora Sriwijaya,대한민국,DF,5,홍혜지,,0,0,0,1,0,0,0,0
2018-08-31,금,JSC - Gelora Sriwijaya,대한민국,DF,20,김혜리,,0,1,0,0,0,0,0,0
2018-08-31,금,JSC - Gelora Sriwijaya,대한민국,MF,10,지소연,장창,1,0,1,1,0,0,1,0
2018-08-31,금,JSC - Gelora Sriwijaya,대한민국,MF,15,장창,,0,0,0,1,0,0,1,0
2018-08-31,금,JSC - Gelora Sriwijaya,대한민국,MF,8,조소현,,0,0,2,0,0,0,0,0
2018-08-31,금,JSC - Gelora Sriwijaya,대한민국,MF,7,이민아,,1,0,4,0,0,0,0,0
2018-08-31,금,JSC - Gelora Sriwijaya,대한민국,MF,12,문미라,,1,0,2,0,0,0,0,0
2018-08-31,금,JSC - Gelora Sriwijaya,대한민국,FW,2,장슬기,전가을,0,1,5,0,0,0,0,2
2018-08-31,금,JSC - Gelora Sriwijaya,대한민국,FW,9,전가을,,0,0,0,0,0,0,1,0
2018-08-31,금,JSC - Gelora Sriwijaya,대한민국,FW,16,손화연,문미라,0,0,1,2,1,0,2,0
2018-08-31,금,JSC - Gelora Sriwijaya,대한민국,FW,11,이금민,,1,0,5,0,0,0,0,0
2018-08-31,금,JSC - Gelora Sriwijaya,중화타이베이,GK,1,차이 밍중,,0,0,0,1,1,0,0,0
2018-08-31,금,JSC - Gelora Sriwijaya,중화타이베이,DF,11,러아 리친,,0,0,0,0,0,0,1,0
2018-08-31,금,JSC - Gelora Sriwijaya,중화타이베이,DF,19,수 신윈,,0,0,0,0,0,0,0,0
2018-08-31,금,JSC - Gelora Sriwijaya,중화타이베이,DF,5,첸 야후에이,,0,0,0,0,0,0,0,0
2018-08-31,금,JSC - Gelora Sriwijaya,중화타이베이,MF,3,주오 리샨,,0,0,0,0,0,0,0,0
2018-08-31,금,JSC - Gelora Sriwijaya,중화타이베이,MF,6,린 야한,,0,0,0,0,0,0,0,0
2018-08-31,금,JSC - Gelora Sriwijaya,중화타이베이,MF,7,리우 치엔윤,팅 츠,0,0,1,2,0,0,0,0
2018-08-31,금,JSC - Gelora Sriwijaya,중화타이베이,MF,8,왕 샹훼이,,0,0,0,0,0,0,0,0
2018-08-31,금,JSC - Gelora Sriwijaya,중화타이베이,MF,12,소우 신니,첸 야후에이,0,0,0,0,0,0,0,0
2018-08-31,금,JSC - Gelora Sriwijaya,중화타이베이,MF,4,파오 신수안,,0,0,1,1,0,0,0,0
2018-08-31,금,JSC - Gelora Sriwijaya,중화타이베이,FW,17,팅 츠,,0,0,0,0,0,0,0,0
2018-08-31,금,JSC - Gelora Sriwijaya,중화타이베이,FW,13,첸 옌핑,,0,0,0,0,0,0,0,0
2018-08-31,금,JSC - Gelora Sriwijaya,중화타이베이,FW,9,리 시우친,파오 신수안,0,0,0,0,0,0,0,0
2018-08-31,금,JSC - Gelora Sriwijaya,중화타이베이,FW,10,위 시우친,,0,0,1,0,0,0,0,1
2018-09-01,토,Pakan Sari Stadium,대한민국,GK,18,조현우,,0,0,0,0,1,0,0,0
2018-09-01,토,Pakan Sari Stadium,대한민국,DF,4,김진야,,0,0,0,1,0,0,0,0
2018-09-01,토,Pakan Sari Stadium,대한민국,DF,3,김민재,,0,0,0,1,0,0,0,0
2018-09-01,토,Pakan Sari Stadium,대한민국,DF,2,황현수,,0,0,0,0,0,0,0,0
2018-09-01,토,Pakan Sari Stadium,대한민국,MF,13,조유민,,0,0,2,0,0,0,0,0
2018-09-01,토,Pakan Sari Stadium,대한민국,MF,6,김문환,,0,0,1,1,0,0,0,0
2018-09-01,토,Pakan Sari Stadium,대한민국,MF,20,김정민,이승우,0,0,0,1,0,0,0,0
2018-09-01,토,Pakan Sari Stadium,대한민국,MF,10,황인범,,0,0,0,1,0,0,1,0
2018-09-01,토,Pakan Sari Stadium,대한민국,MF,8,이진현,장윤호,0,0,1,0,0,0,4,0
2018-09-01,토,Pakan Sari Stadium,대한민국,MF,7,손흥민,나상호,0,2,3,2,0,0,3,1
2018-09-01,토,Pakan Sari Stadium,대한민국,FW,17,이승우,,1,0,3,2,1,0,0,0
2018-09-01,토,Pakan Sari Stadium,대한민국,FW,14,장윤호,,0,0,0,0,0,0,0,0
2018-09-01,토,Pakan Sari Stadium,대한민국,FW,11,나상호,,0,0,0,0,0,0,0,0
2018-09-01,토,Pakan Sari Stadium,대한민국,FW,16,황의조,황현수,0,0,4,1,0,0,0,4
2018-09-01,토,Pakan Sari Stadium,대한민국,FW,9,황희찬,,1,0,1,5,1,0,0,0
2018-09-01,토,Pakan Sari Stadium,일본,GK,1,코지마 료스케,,0,0,0,0,0,0,0,0
2018-09-01,토,Pakan Sari Stadium,일본,DF,20,타츠야 유고,,0,0,0,2,0,0,0,0
2018-09-01,토,Pakan Sari Stadium,일본,DF,4,이타쿠라 코,,0,0,2,1,1,0,0,0
2018-09-01,토,Pakan Sari Stadium,일본,DF,5,스기오카 다이키,엔도 케이타,0,0,0,0,0,0,0,0
2018-09-01,토,Pakan Sari Stadium,일본,DF,7,하라 테루키,,0,0,0,1,0,0,0,0
2018-09-01,토,Pakan Sari Stadium,일본,MF,11,엔도 케이타,,0,0,0,0,0,0,0,0
2018-09-01,토,Pakan Sari Stadium,일본,MF,2,나가누마 요이치,하츠세 료,0,0,0,5,1,0,0,0
2018-09-01,토,Pakan Sari Stadium,일본,MF,6,하츠세 료,,0,0,0,0,0,0,2,0
2018-09-01,토,Pakan Sari Stadium,일본,MF,13,이와사키 유토,하타테 레오,0,0,1,3,0,0,0,0
2018-09-01,토,Pakan Sari Stadium,일본,MF,14,마츠모토 타이시,,0,0,0,0,0,0,0,0
2018-09-01,토,Pakan Sari Stadium,일본,MF,16,와타나베 코우타,카미야 유타,0,0,0,2,0,0,0,0
2018-09-01,토,Pakan Sari Stadium,일본,MF,17,카미야 유타,,0,0,0,0,0,0,0,0
2018-09-01,토,Pakan Sari Stadium,일본,MF,10,미요시 코지,,0,0,1,4,0,0,3,0
2018-09-01,토,Pakan Sari Stadium,일본,FW,9,하타테 레오,,0,0,0,1,0,0,0,0
2018-09-01,토,Pakan Sari Stadium,일본,FW,15,우에다 아야세,,1,0,1,1,0,0,0,1
2018-09-07,금,고양종합운동장,대한민국,GK,1,김승규,,0,0,0,0,0,0,0,0
2018-09-07,금,고양종합운동장,대한민국,DF,14,홍철,,0,0,0,0,0,0,0,0
2018-09-07,금,고양종합운동장,대한민국,DF,19,김영권,,0,0,0,0,0,0,0,0
2018-09-07,금,고양종합운동장,대한민국,DF,2,이용,김문환,0,0,0,0,0,0,0,0
2018-09-07,금,고양종합운동장,대한민국,DF,24,김문환,,0,0,0,0,0,0,0,0
2018-09-07,금,고양종합운동장,대한민국,DF,4,김민재,,0,0,0,0,0,0,0,0
2018-09-07,금,고양종합운동장,대한민국,MF,20,장현수,,0,0,1,0,0,0,0,0
2018-09-07,금,고양종합운동장,대한민국,MF,16,기성용,김민재,0,0,0,0,0,0,0,0
2018-09-07,금,고양종합운동장,대한민국,MF,8,남태희,황인범,1,0,2,1,0,0,0,2
2018-09-07,금,고양종합운동장,대한민국,MF,22,황인범,,0,0,0,0,0,0,0,0
2018-09-07,금,고양종합운동장,대한민국,MF,5,정우영,,0,0,1,0,0,0,0,0
2018-09-07,금,고양종합운동장,대한민국,MF,17,이재성,문선민,1,0,4,0,0,0,0,0
2018-09-07,금,고양종합운동장,대한민국,FW,7,손흥민,이승우,0,0,2,0,0,0,8,0
2018-09-07,금,고양종합운동장,대한민국,FW,10,이승우,,0,0,1,0,0,0,0,0
2018-09-07,금,고양종합운동장,대한민국,FW,13,문선민,,0,0,0,0,0,0,0,0
2018-09-07,금,고양종합운동장,대한민국,FW,9,지동원,황의조,0,0,2,1,0,0,0,1
2018-09-07,금,고양종합운동장,대한민국,FW,18,황의조,,0,0,0,0,0,0,0,1
2018-09-07,금,고양종합운동장,코스타리카,GK,1,알바라도,,0,0,0,0,0,0,0,0
2018-09-07,금,고양종합운동장,코스타리카,DF,16,감보아,,0,0,1,3,1,0,0,0
2018-09-07,금,고양종합운동장,코스타리카,DF,6,두아르테,,0,0,0,1,0,0,0,0
2018-09-07,금,고양종합운동장,코스타리카,DF,15,칼보,,0,0,0,1,0,0,0,0
2018-09-07,금,고양종합운동장,코스타리카,DF,8,오비에도,,0,0,0,0,0,0,0,0
2018-09-07,금,고양종합운동장,코스타리카,MF,13,월리스,,0,0,0,0,0,0,0,0
2018-09-07,금,고양종합운동장,코스타리카,MF,5,크루즈,,0,0,0,2,0,0,0,0
2018-09-07,금,고양종합운동장,코스타리카,MF,12,아길라르,릴,0,0,1,0,0,0,0,0
2018-09-07,금,고양종합운동장,코스타리카,MF,22,릴,,0,0,0,0,0,0,1,0
2018-09-07,금,고양종합운동장,코스타리카,MF,20,구즈만,아조페이파,0,0,1,2,1,0,0,0
2018-09-07,금,고양종합운동장,코스타리카,MF,14,아조페이파,,0,0,0,2,0,0,0,0
2018-09-07,금,고양종합운동장,코스타리카,MF,21,마린,모야,0,0,0,0,0,0,2,0
2018-09-07,금,고양종합운동장,코스타리카,FW,9,콜린드레스,월리스,0,0,0,0,0,0,0,1
2018-09-07,금,고양종합운동장,코스타리카,FW,28,모야,,0,0,0,0,0,0,0,0
2018-09-07,금,고양종합운동장,코스타리카,FW,11,조지,라미레즈,0,0,0,2,0,0,0,0
2018-09-07,금,고양종합운동장,코스타리카,FW,7,라미레즈,,0,0,1,0,0,0,0,0
2018-09-11,화,수원월드컵경기장,대한민국,GK,21,김진현,,0,0,0,0,0,0,0,0
2018-09-11,화,수원월드컵경기장,대한민국,DF,14,홍철,윤석영,0,0,0,0,0,0,0,0
2018-09-11,화,수원월드컵경기장,대한민국,DF,12,윤석영,,0,0,0,0,0,0,0,0
2018-09-11,화,수원월드컵경기장,대한민국,DF,19,김영권,,0,0,0,2,1,0,0,0
2018-09-11,화,수원월드컵경기장,대한민국,DF,20,장현수,,0,0,1,0,0,0,0,0
2018-09-11,화,수원월드컵경기장,대한민국,DF,2,이용,김문환,0,0,0,0,0,0,0,0
2018-09-11,화,수원월드컵경기장,대한민국,MF,24,김문환,,0,0,0,0,0,0,0,0
2018-09-11,화,수원월드컵경기장,대한민국,MF,16,기성용,,0,0,2,1,0,0,0,0
2018-09-11,화,수원월드컵경기장,대한민국,MF,8,남태희,이재성,0,0,0,1,0,0,0,0
2018-09-11,화,수원월드컵경기장,대한민국,MF,17,이재성,,0,0,1,1,0,0,0,0
2018-09-11,화,수원월드컵경기장,대한민국,MF,5,정우영,황인범,0,0,0,1,0,0,0,0
2018-09-11,화,수원월드컵경기장,대한민국,MF,22,황인범,,0,0,0,1,1,0,0,0
2018-09-11,화,수원월드컵경기장,대한민국,FW,7,손흥민,,0,0,1,3,0,0,7,0
2018-09-11,화,수원월드컵경기장,대한민국,FW,11,황희찬,문선민,0,0,1,3,0,0,0,0
2018-09-11,화,수원월드컵경기장,대한민국,FW,13,문선민,,0,0,0,0,0,0,0,0
2018-09-11,화,수원월드컵경기장,대한민국,FW,18,황의조,지동원,0,0,1,0,0,0,0,2
2018-09-11,화,수원월드컵경기장,대한민국,FW,9,지동원,,0,0,0,2,0,0,0,0
2018-09-11,화,수원월드컵경기장,칠레,GK,1,아리아스,,0,0,0,0,0,0,0,0
2018-09-11,화,수원월드컵경기장,칠레,DF,4,이슬라,,0,0,0,1,0,0,0,0
2018-09-11,화,수원월드컵경기장,칠레,DF,16,리츠노브스키,,0,0,2,0,0,0,0,0
2018-09-11,화,수원월드컵경기장,칠레,DF,6,마리판,,0,0,0,0,0,0,0,0
2018-09-11,화,수원월드컵경기장,칠레,DF,2,알보르노스,디아스,0,0,0,1,0,0,0,0
2018-09-11,화,수원월드컵경기장,칠레,DF,5,디아스,,0,0,0,0,0,0,0,0
2018-09-11,화,수원월드컵경기장,칠레,DF,17,메델,,0,0,0,2,1,0,0,0
2018-09-11,화,수원월드컵경기장,칠레,MF,8,비달,에르난데스,0,0,3,0,0,0,0,0
2018-09-11,화,수원월드컵경기장,칠레,MF,9,에르난데스,,0,0,0,0,0,0,0,0
2018-09-11,화,수원월드컵경기장,칠레,MF,20,아랑귀스,풀가르,0,0,0,0,0,0,0,0
2018-09-11,화,수원월드컵경기장,칠레,MF,13,풀가르,,0,0,0,0,0,0,0,0
2018-09-11,화,수원월드컵경기장,칠레,MF,10,발데스,,0,0,4,0,0,0,2,0
2018-09-11,화,수원월드컵경기장,칠레,FW,18,사갈,로드리게스,0,0,1,0,0,0,0,0
2018-09-11,화,수원월드컵경기장,칠레,FW,19,로드리게스,,0,0,0,0,0,0,0,0
2018-09-11,화,수원월드컵경기장,칠레,FW,11,루비오,헤랄디노,0,0,0,2,0,0,0,2
2018-09-11,화,수원월드컵경기장,칠레,FW,26,헤랄디노,,0,0,0,0,0,0,0,0
2018-10-12,금,서울월드컵경기장,대한민국,GK,1,김승규,,0,0,0,0,0,0,0,0
2018-10-12,금,서울월드컵경기장,대한민국,DF,14,홍철,,0,0,1,0,0,0,0,0
2018-10-12,금,서울월드컵경기장,대한민국,DF,19,김영권,김민재,0,0,0,0,0,0,0,0
2018-10-12,금,서울월드컵경기장,대한민국,DF,4,김민재,,0,0,0,0,0,0,0,0
2018-10-12,금,서울월드컵경기장,대한민국,DF,20,장현수,,0,0,0,1,0,0,0,0
2018-10-12,금,서울월드컵경기장,대한민국,DF,2,이용,,0,0,0,0,0,0,0,0
2018-10-12,금,서울월드컵경기장,대한민국,MF,16,기성용,황인범,0,0,0,0,0,0,0,0
2018-10-12,금,서울월드컵경기장,대한민국,MF,22,황인범,,0,0,0,0,0,0,0,0
2018-10-12,금,서울월드컵경기장,대한민국,MF,8,남태희,,0,0,2,0,0,0,0,0
2018-10-12,금,서울월드컵경기장,대한민국,MF,5,정우영,,1,0,1,1,0,0,0,0
2018-10-12,금,서울월드컵경기장,대한민국,FW,7,손흥민,,0,0,1,1,0,0,4,0
2018-10-12,금,서울월드컵경기장,대한민국,FW,11,황희찬,문선민,0,0,0,0,0,0,0,0
2018-10-12,금,서울월드컵경기장,대한민국,FW,12,문선민,,0,0,0,0,0,0,0,0
2018-10-12,금,서울월드컵경기장,대한민국,FW,18,황의조,석현준,1,0,3,0,0,0,0,0
2018-10-12,금,서울월드컵경기장,대한민국,FW,9,석현준,,0,0,1,0,0,0,0,0
2018-10-12,금,서울월드컵경기장,우루과이,GK,1,무슬레라,,0,0,0,0,1,0,0,0
2018-10-12,금,서울월드컵경기장,우루과이,DF,22,카세레스,,0,0,1,0,0,0,0,0
2018-10-12,금,서울월드컵경기장,우루과이,DF,3,고딘,,0,0,0,1,0,0,0,0
2018-10-12,금,서울월드컵경기장,우루과이,DF,19,코아테스,,0,0,0,1,0,0,0,0
2018-10-12,금,서울월드컵경기장,우루과이,DF,17,락살트,사라치,0,0,1,1,0,0,0,0
2018-10-12,금,서울월드컵경기장,우루과이,DF,4,사라치,,0,0,1,0,0,0,0,0
2018-10-12,금,서울월드컵경기장,우루과이,DF,13,실바,,0,0,0,0,0,0,0,0
2018-10-12,금,서울월드컵경기장,우루과이,MF,14,토레이라,,0,0,0,2,0,0,3,0
2018-10-12,금,서울월드컵경기장,우루과이,MF,6,벤탕쿠르,,0,0,2,1,1,0,0,0
2018-10-12,금,서울월드컵경기장,우루과이,MF,15,베시노,페레이로,1,0,2,2,0,0,0,0
2018-10-12,금,서울월드컵경기장,우루과이,MF,8,난데스,실바,0,0,2,2,1,0,0,0
2018-10-12,금,서울월드컵경기장,우루과이,FW,16,페레이로,,0,0,0,0,0,0,0,0
2018-10-12,금,서울월드컵경기장,우루과이,FW,11,스투아니,고메즈,0,0,1,1,0,0,0,0
2018-10-12,금,서울월드컵경기장,우루과이,FW,18,고메즈,,0,0,1,0,0,0,0,0
2018-10-12,금,서울월드컵경기장,우루과이,FW,21,카바니,,0,0,0,0,0,0,0,1
2018-10-16,화,천안종합운동장,대한민국,GK,23,조현우,,0,0,0,0,0,0,0,0
2018-10-16,화,천안종합운동장,대한민국,DF,6,박주호,홍철,1,0,1,1,0,0,0,0
2018-10-16,화,천안종합운동장,대한민국,DF,14,홍철,,0,0,0,0,0,0,0,0
2018-10-16,화,천안종합운동장,대한민국,DF,19,김영권,,0,0,0,1,0,0,0,0
2018-10-16,화,천안종합운동장,대한민국,DF,4,김민재,장현수,0,0,0,2,0,0,0,0
2018-10-16,화,천안종합운동장,대한민국,DF,20,장현수,,0,0,0,0,0,0,0,0
2018-10-16,화,천안종합운동장,대한민국,DF,2,이용,김문환,0,0,0,0,0,0,0,0
2018-10-16,화,천안종합운동장,대한민국,DF,24,김문환,,0,0,0,1,0,0,0,0
2018-10-16,화,천안종합운동장,대한민국,MF,8,남태희,,0,0,4,0,0,0,0,1
2018-10-16,화,천안종합운동장,대한민국,MF,16,기성용,,0,0,1,0,0,0,0,0
2018-10-16,화,천안종합운동장,대한민국,MF,22,황인범,정우영,1,0,1,1,1,0,0,0
2018-10-16,화,천안종합운동장,대한민국,MF,5,정우영,,0,0,0,0,0,0,0,0
2018-10-16,화,천안종합운동장,대한민국,FW,7,손흥민,,0,1,2,0,0,0,4,0
2018-10-16,화,천안종합운동장,대한민국,FW,11,황희찬,문선민,0,1,1,3,0,0,0,0
2018-10-16,화,천안종합운동장,대한민국,FW,12,문선민,,0,0,2,0,0,0,0,0
2018-10-16,화,천안종합운동장,대한민국,FW,9,석현준,황의조,0,0,0,2,0,0,0,2
2018-10-16,화,천안종합운동장,대한민국,FW,18,황의조,,0,0,2,0,0,0,0,0
2018-10-16,화,천안종합운동장,파나마,GK,1,루이스 메히아,,0,0,0,0,0,0,0,0
2018-10-16,화,천안종합운동장,파나마,DF,23,마이클 무리요,,0,0,0,0,0,0,0,0
2018-10-16,화,천안종합운동장,파나마,DF,3,해롤드 커밍스,,0,0,0,1,0,0,0,0
2018-10-16,화,천안종합운동장,파나마,DF,13,아돌포 마차도,,0,0,0,1,0,0,0,0
2018-10-16,화,천안종합운동장,파나마,DF,17,루이스 오바예,에릭 데이비스,0,0,0,0,0,0,0,0
2018-10-16,화,천안종합운동장,파나마,DF,15,에릭 데이비스,,0,0,0,0,0,0,1,0
2018-10-16,화,천안종합운동장,파나마,DF,4,피델 에스코바르,,0,0,0,0,0,0,0,0
2018-10-16,화,천안종합운동장,파나마,MF,7,호세 루이스 로드리게스,가브리엘 토레스,0,0,0,0,0,0,0,0
2018-10-16,화,천안종합운동장,파나마,MF,20,아니발 고도이,,0,0,0,0,0,0,0,0
2018-10-16,화,천안종합운동장,파나마,MF,10,미구엘 카마고,피델 에스코바르,0,0,2,0,0,0,2,0
2018-10-16,화,천안종합운동장,파나마,MF,11,아르만도 쿠퍼,에드가 바르세나스,0,1,0,2,0,0,1,0
2018-10-16,화,천안종합운동장,파나마,MF,8,에드가 바르세나스,,0,0,1,0,0,0,0,0
2018-10-16,화,천안종합운동장,파나마,MF,6,크리스티안 마르티네스,,0,0,0,0,0,0,0,0
2018-10-16,화,천안종합운동장,파나마,FW,9,가브리엘 토레스,,0,0,0,1,0,0,0,1
2018-10-16,화,천안종합운동장,파나마,FW,16,롤란도 블랙번,크리스티안 마르티네스,1,0,2,0,0,0,0,1
2018-10-16,화,천안종합운동장,파나마,FW,18,압디엘 아로요,,1,0,2,0,0,0,0,0
2018-10-19,금,Patriot Stadium,대한민국,GK,23,최민수,,0,0,0,0,0,0,0,0
2018-10-19,금,Patriot Stadium,대한민국,DF,3,이재익,,0,0,0,2,0,0,0,0
2018-10-19,금,Patriot Stadium,대한민국,DF,5,김현우,이지솔,0,0,0,3,0,0,0,0
2018-10-19,금,Patriot Stadium,대한민국,DF,4,이지솔,,0,0,0,0,0,0,0,0
2018-10-19,금,Patriot Stadium,대한민국,DF,2,황태현,,0,0,0,0,0,0,0,0
2018-10-19,금,Patriot Stadium,대한민국,DF,12,최준,,0,0,0,2,0,0,1,0
2018-10-19,금,Patriot Stadium,대한민국,DF,22,김재성,,0,0,1,2,1,0,0,0
2018-10-19,금,Patriot Stadium,대한민국,MF,6,정호진,,0,0,1,3,1,0,0,0
2018-10-19,금,Patriot Stadium,대한민국,MF,14,박태준,,0,0,3,2,0,0,3,0
2018-10-19,금,Patriot Stadium,대한민국,MF,8,고재현,,0,0,0,0,0,0,0,0
2018-10-19,금,Patriot Stadium,대한민국,FW,7,전세진,,1,0,4,0,0,0,0,1
2018-10-19,금,Patriot Stadium,대한민국,FW,10,조영욱,고재현,0,0,1,1,0,0,0,3
2018-10-19,금,Patriot Stadium,대한민국,FW,18,임재혁,엄원상,0,1,1,1,0,0,0,0
2018-10-19,금,Patriot Stadium,대한민국,FW,11,엄원상,,0,0,3,0,0,0,0,0
2018-10-19,금,Patriot Stadium,호주,GK,1,제임스 딜리아노브,,0,0,0,0,0,0,0,0
2018-10-19,금,Patriot Stadium,호주,DF,2,네셔널 아킨슨,,0,0,1,1,0,0,0,0
2018-10-19,금,Patriot Stadium,호주,DF,4,콘 오조니디스,,0,0,0,1,1,0,0,0
2018-10-19,금,Patriot Stadium,호주,DF,13,월터 스콧,,0,0,0,0,0,0,0,0
2018-10-19,금,Patriot Stadium,호주,DF,3,타스 모도코타스,,0,0,1,2,0,0,0,0
2018-10-19,금,Patriot Stadium,호주,DF,20,테이트 러셀,,0,0,0,0,0,0,0,0
2018-10-19,금,Patriot Stadium,호주,MF,6,세바스찬 파스퀼라이,,0,0,0,1,0,0,2,0
2018-10-19,금,Patriot Stadium,호주,MF,16,안거스 터게이트,존 이렌델,0,0,0,1,0,0,0,0
2018-10-19,금,Patriot Stadium,호주,MF,8,라미 나자르니,,1,0,1,0,0,0,0,0
2018-10-19,금,Patriot Stadium,호주,FW,21,올리비어 푸프렛,크리스티안 토하루스,0,0,1,0,0,0,0,0
2018-10-19,금,Patriot Stadium,호주,FW,14,크리스티안 토하루스,,0,0,0,1,0,0,0,0
2018-10-19,금,Patriot Stadium,호주,FW,9,존 이렌델,,0,0,0,0,0,0,0,0
2018-10-19,금,Patriot Stadium,호주,FW,11,벤 폴라미,라미 나자르니,0,0,4,2,0,0,0,0
2018-10-19,금,Patriot Stadium,호주,FW,22,스테메이트로폴로스,,0,0,1,4,0,0,0,0
2018-10-22,월,Patriot Stadium,대한민국,GK,21,이광연,,0,0,0,0,0,0,0,0
2018-10-22,월,Patriot Stadium,대한민국,DF,3,이재익,,0,1,0,0,0,0,0,0
2018-10-22,월,Patriot Stadium,대한민국,DF,4,이지솔,김현우,0,0,0,0,0,0,0,0
2018-10-22,월,Patriot Stadium,대한민국,DF,5,김현우,,0,0,0,1,0,0,0,0
2018-10-22,월,Patriot Stadium,대한민국,DF,2,황태현,,0,0,0,0,0,0,0,0
2018-10-22,월,Patriot Stadium,대한민국,DF,12,최준,,1,0,3,1,0,0,0,0
2018-10-22,월,Patriot Stadium,대한민국,DF,22,김재성,,0,0,0,0,0,0,0,0
2018-10-22,월,Patriot Stadium,대한민국,MF,6,정호진,구본철,0,0,0,3,0,0,0,0
2018-10-22,월,Patriot Stadium,대한민국,MF,16,구본철,,0,1,1,0,0,0,0,0
2018-10-22,월,Patriot Stadium,대한민국,MF,8,고재현,,0,0,1,0,0,0,0,0
2018-10-22,월,Patriot Stadium,대한민국,MF,7,전세진,,1,0,2,0,0,0,5,1
2018-10-22,월,Patriot Stadium,대한민국,MF,10,조영욱,임재혁,1,0,3,1,0,0,0,0
2018-10-22,월,Patriot Stadium,대한민국,MF,11,엄원상,,0,0,1,0,0,0,0,0
2018-10-22,월,Patriot Stadium,대한민국,FW,18,임재혁,,0,1,0,0,0,0,0,0
2018-10-22,월,Patriot Stadium,요르단,GK,1,파코리,,0,0,0,0,1,0,0,0
2018-10-22,월,Patriot Stadium,요르단,DF,3,압델랄,,0,0,0,1,0,0,0,0
2018-10-22,월,Patriot Stadium,요르단,DF,5,아메드,,0,0,0,1,0,0,0,0
2018-10-22,월,Patriot Stadium,요르단,DF,13,알쿠자,알아모리,0,0,0,0,0,0,0,0
2018-10-22,월,Patriot Stadium,요르단,DF,14,달둠,,0,0,0,0,0,0,1,0
2018-10-22,월,Patriot Stadium,요르단,DF,23,아부알자자,,0,0,0,2,1,1,0,0
2018-10-22,월,Patriot Stadium,요르단,MF,19,알아모리,,0,0,0,0,0,0,0,0
2018-10-22,월,Patriot Stadium,요르단,MF,6,알라쉬단,코우디,0,0,0,2,0,0,0,0
2018-10-22,월,Patriot Stadium,요르단,MF,8,사미,,0,0,1,2,1,0,0,0
2018-10-22,월,Patriot Stadium,요르단,MF,9,바니 아티,,0,0,0,0,0,0,1,0
2018-10-22,월,Patriot Stadium,요르단,MF,7,알젭디에,,1,0,1,3,1,0,0,0
2018-10-22,월,Patriot Stadium,요르단,FW,10,코우디,,0,0,0,0,0,0,0,0
2018-10-22,월,Patriot Stadium,요르단,FW,17,아부리지크,,0,0,2,1,0,0,0,0
2018-10-22,월,Patriot Stadium,요르단,FW,20,알주비,알젭디에,0,0,2,1,0,0,0,0
2018-10-25,목,Patriot Stadium,대한민국,GK,21,이광연,,0,0,0,0,0,0,0,0
2018-10-25,목,Patriot Stadium,대한민국,DF,13,이규혁,,0,0,0,1,0,0,1,1
2018-10-25,목,Patriot Stadium,대한민국,DF,3,이재익,,0,0,1,0,0,0,0,0
2018-10-25,목,Patriot Stadium,대한민국,DF,5,김현우,,1,0,1,1,0,0,0,0
2018-10-25,목,Patriot Stadium,대한민국,DF,12,최준,,0,0,1,1,0,0,0,0
2018-10-25,목,Patriot Stadium,대한민국,DF,17,이상준,,0,0,0,1,0,0,0,0
2018-10-25,목,Patriot Stadium,대한민국,MF,11,엄원상,정호진,0,0,1,1,0,0,0,0
2018-10-25,목,Patriot Stadium,대한민국,MF,6,정호진,,0,0,0,1,0,0,0,0
2018-10-25,목,Patriot Stadium,대한민국,MF,8,고재현,,0,0,1,1,0,0,0,0
2018-10-25,목,Patriot Stadium,대한민국,MF,7,전세진,,0,0,5,0,0,0,0,0
2018-10-25,목,Patriot Stadium,대한민국,MF,16,구본철,이상준,0,0,2,2,0,0,3,0
2018-10-25,목,Patriot Stadium,대한민국,MF,10,조영욱,,2,0,0,1,0,0,0,0
2018-10-25,목,Patriot Stadium,대한민국,FW,18,임재혁,조영욱,0,0,2,1,0,0,0,0
2018-10-25,목,Patriot Stadium,대한민국,FW,9,오세훈,,0,0,7,3,1,0,0,2
2018-10-25,목,Patriot Stadium,베트남,GK,22,두옹 텅 람,엘리 니에,0,0,0,0,0,0,0,0
2018-10-25,목,Patriot Stadium,베트남,GK,1,엘리 니에,,0,0,0,0,0,0,0,0
2018-10-25,목,Patriot Stadium,베트남,DF,20,덩 쿠앙 호,,0,0,2,0,0,0,0,0
2018-10-25,목,Patriot Stadium,베트남,DF,5,두 홍 비엣안,,0,0,0,2,0,0,0,0
2018-10-25,목,Patriot Stadium,베트남,DF,23,구엔 헝 티엔 덕,,0,0,0,0,0,0,0,0
2018-10-25,목,Patriot Stadium,베트남,DF,12,구엔 칸 안,,0,0,2,1,0,0,0,0
2018-10-25,목,Patriot Stadium,베트남,DF,7,리 반 수안,,0,0,1,2,0,0,6,0
2018-10-25,목,Patriot Stadium,베트남,MF,15,구엔 후 탕,남 만 둥,0,0,0,1,1,0,0,0
2018-10-25,목,Patriot Stadium,베트남,MF,16,구엔 반 반,,0,0,1,0,0,0,0,0
2018-10-25,목,Patriot Stadium,베트남,MF,9,리 수안 주,,1,0,4,0,0,0,0,0
2018-10-25,목,Patriot Stadium,베트남,FW,3,타이 바 상,,0,0,0,3,1,0,0,0
2018-10-25,목,Patriot Stadium,베트남,FW,11,남 만 둥,,0,0,1,2,0,0,2,0
2018-10-25,목,Patriot Stadium,베트남,FW,18,리 민 빈,구엔 반 반,0,1,0,1,0,0,0,0
2018-10-25,목,Patriot Stadium,베트남,FW,19,리 반 남,,0,0,3,2,1,0,0,1
2018-10-29,월,Patriot Stadium,대한민국,GK,21,이광연,,0,0,0,0,0,0,0,0
2018-10-29,월,Patriot Stadium,대한민국,DF,3,이재익,,0,0,0,1,0,0,0,0
2018-10-29,월,Patriot Stadium,대한민국,DF,5,김현우,,0,0,2,2,1,0,0,0
2018-10-29,월,Patriot Stadium,대한민국,DF,2,황태현,,0,0,0,0,0,0,0,0
2018-10-29,월,Patriot Stadium,대한민국,DF,13,이규혁,,0,0,0,3,1,0,1,1
2018-10-29,월,Patriot Stadium,대한민국,DF,12,최준,,0,0,0,1,0,0,0,0
2018-10-29,월,Patriot Stadium,대한민국,MF,8,고재현,,0,0,0,4,1,0,0,0
2018-10-29,월,Patriot Stadium,대한민국,MF,16,구본철,정호진,0,0,0,1,1,0,0,0
2018-10-29,월,Patriot Stadium,대한민국,MF,6,정호진,,0,0,1,1,0,0,0,0
2018-10-29,월,Patriot Stadium,대한민국,MF,7,전세진,임재혁,1,0,1,3,0,0,0,0
2018-10-29,월,Patriot Stadium,대한민국,MF,11,엄원상,,0,0,1,0,0,0,0,0
2018-10-29,월,Patriot Stadium,대한민국,MF,10,조영욱,,0,0,2,0,0,0,0,0
2018-10-29,월,Patriot Stadium,대한민국,FW,18,임재혁,,0,0,0,2,1,0,0,0
2018-10-29,월,Patriot Stadium,대한민국,FW,9,오세훈,엄원상,0,0,3,3,1,0,0,1
2018-10-29,월,Patriot Stadium,타지키스탄,GK,16,퀴히보에브 쇼룩,,0,0,0,0,0,0,0,0
2018-10-29,월,Patriot Stadium,타지키스탄,DF,5,사파로브 마누처,이브로김조다 나임존,0,0,0,3,1,0,0,0
2018-10-29,월,Patriot Stadium,타지키스탄,DF,22,이브로김조다 나임존,,0,0,0,0,0,0,0,0
2018-10-29,월,Patriot Stadium,타지키스탄,DF,3,하노브 바닷,,0,0,0,1,1,0,0,0
2018-10-29,월,Patriot Stadium,타지키스탄,DF,12,사파로브 오야툴로,,0,0,0,1,1,0,0,0
2018-10-29,월,Patriot Stadium,타지키스탄,DF,2,누마토브 후센,,0,0,0,1,0,0,0,0
2018-10-29,월,Patriot Stadium,타지키스탄,DF,13,바로토브 아리셔,,0,0,0,0,0,0,0,0
2018-10-29,월,Patriot Stadium,타지키스탄,MF,15,마바쇼브 세르보니,,0,0,2,1,0,0,0,0
2018-10-29,월,Patriot Stadium,타지키스탄,MF,9,솔레호브 샤라존,,0,0,0,3,1,0,0,1
2018-10-29,월,Patriot Stadium,타지키스탄,MF,7,사이도브 카로마툴로,,0,0,2,1,0,0,0,0
2018-10-29,월,Patriot Stadium,타지키스탄,MF,17,에손 판샨베,,0,0,2,1,1,0,3,0
2018-10-29,월,Patriot Stadium,타지키스탄,MF,18,요고로브 다러,마흐마자리피 압둘라힘,0,0,0,2,0,0,0,0
2018-10-29,월,Patriot Stadium,타지키스탄,MF,6,마흐마자리피 압둘라힘,,0,0,0,1,0,0,0,0
2018-10-29,월,Patriot Stadium,타지키스탄,FW,10,세리딘 보보에브,바로토브 아리셔,0,0,0,0,0,0,0,0
2018-11-01,목,겔로라 붕 카르노 스타디움,대한민국,GK,21,이광연,,0,0,0,0,0,0,0,0
2018-11-01,목,겔로라 붕 카르노 스타디움,대한민국,DF,13,이규혁,,0,0,1,2,0,0,3,0
2018-11-01,목,겔로라 붕 카르노 스타디움,대한민국,DF,3,이재익,,0,1,0,1,1,0,0,0
2018-11-01,목,겔로라 붕 카르노 스타디움,대한민국,DF,5,김현우,,0,0,0,0,1,0,0,0
2018-11-01,목,겔로라 붕 카르노 스타디움,대한민국,DF,2,황태현,,0,0,0,1,1,0,0,0
2018-11-01,목,겔로라 붕 카르노 스타디움,대한민국,DF,4,이지솔,,0,0,0,0,0,0,0,0
2018-11-01,목,겔로라 붕 카르노 스타디움,대한민국,MF,7,전세진,,2,0,5,0,0,0,1,1
2018-11-01,목,겔로라 붕 카르노 스타디움,대한민국,MF,6,정호진,,0,0,0,6,0,0,0,0
2018-11-01,목,겔로라 붕 카르노 스타디움,대한민국,MF,16,구본철,박태준,0,0,1,1,0,0,1,0
2018-11-01,목,겔로라 붕 카르노 스타디움,대한민국,MF,14,박태준,,0,0,0,0,0,0,1,0
2018-11-01,목,겔로라 붕 카르노 스타디움,대한민국,MF,11,엄원상,,1,0,2,2,0,0,0,0
2018-11-01,목,겔로라 붕 카르노 스타디움,대한민국,MF,10,조영욱,,0,0,0,0,0,0,0,0
2018-11-01,목,겔로라 붕 카르노 스타디움,대한민국,MF,8,고재현,이지솔,0,0,0,2,0,0,0,1
2018-11-01,목,겔로라 붕 카르노 스타디움,대한민국,FW,18,임재혁,조영욱,0,0,0,0,0,0,0,0
2018-11-01,목,겔로라 붕 카르노 스타디움,카타르,GK,22,맘두흐,,0,0,0,0,0,0,0,0
2018-11-01,목,겔로라 붕 카르노 스타디움,카타르,DF,2,바크시,,0,0,0,2,0,0,0,0
2018-11-01,목,겔로라 붕 카르노 스타디움,카타르,DF,5,아이만,엘레티,0,0,0,0,0,0,0,0
2018-11-01,목,겔로라 붕 카르노 스타디움,카타르,DF,12,아흐메드,,0,0,0,1,1,0,0,1
2018-11-01,목,겔로라 붕 카르노 스타디움,카타르,DF,3,알 민할리,,0,0,0,4,1,0,0,0
2018-11-01,목,겔로라 붕 카르노 스타디움,카타르,MF,15,엘레티,,0,0,0,0,0,0,0,0
2018-11-01,목,겔로라 붕 카르노 스타디움,카타르,MF,14,팔란기,알무리시,0,0,0,2,0,0,0,0
2018-11-01,목,겔로라 붕 카르노 스타디움,카타르,MF,6,알 야지디,,0,0,0,0,0,0,0,0
2018-11-01,목,겔로라 붕 카르노 스타디움,카타르,MF,8,압둘살람,,0,0,0,4,1,1,0,0
2018-11-01,목,겔로라 붕 카르노 스타디움,카타르,MF,16,알리,,0,0,1,1,1,0,1,0
2018-11-01,목,겔로라 붕 카르노 스타디움,카타르,MF,17,압둘와하브,,0,0,2,2,1,0,0,0
2018-11-01,목,겔로라 붕 카르노 스타디움,카타르,FW,11,알무리시,,0,0,1,0,0,0,0,0
2018-11-01,목,겔로라 붕 카르노 스타디움,카타르,FW,10,모함메드,알 야지디,0,0,3,1,0,0,0,0
2018-11-01,목,겔로라 붕 카르노 스타디움,카타르,FW,7,우마루,,0,0,1,2,1,0,0,1
2018-11-04,일,겔로라 붕 카르노 스타디움,대한민국,GK,21,이광연,,0,0,0,0,0,0,0,0
2018-11-04,일,겔로라 붕 카르노 스타디움,대한민국,DF,3,이재익,,0,0,0,0,0,0,0,0
2018-11-04,일,겔로라 붕 카르노 스타디움,대한민국,DF,5,김현우,,0,0,2,1,0,0,0,0
2018-11-04,일,겔로라 붕 카르노 스타디움,대한민국,DF,2,황태현,,0,0,0,1,1,0,0,0
2018-11-04,일,겔로라 붕 카르노 스타디움,대한민국,DF,13,이규혁,,0,0,1,0,0,0,2,0
2018-11-04,일,겔로라 붕 카르노 스타디움,대한민국,MF,16,구본철,임재혁,0,0,0,0,0,0,1,0
2018-11-04,일,겔로라 붕 카르노 스타디움,대한민국,MF,14,박태준,정호진,0,0,0,1,0,0,0,0
2018-11-04,일,겔로라 붕 카르노 스타디움,대한민국,MF,6,정호진,,0,0,0,1,1,0,0,0
2018-11-04,일,겔로라 붕 카르노 스타디움,대한민국,MF,8,고재현,,0,0,2,2,1,0,0,0
2018-11-04,일,겔로라 붕 카르노 스타디움,대한민국,MF,11,엄원상,,0,0,1,0,0,0,0,0
2018-11-04,일,겔로라 붕 카르노 스타디움,대한민국,MF,10,조영욱,오세훈,1,0,2,0,0,0,0,0
2018-11-04,일,겔로라 붕 카르노 스타디움,대한민국,MF,7,전세진,,0,0,3,0,0,0,0,0
2018-11-04,일,겔로라 붕 카르노 스타디움,대한민국,FW,18,임재혁,,0,0,0,1,0,0,0,0
2018-11-04,일,겔로라 붕 카르노 스타디움,대한민국,FW,9,오세훈,,0,0,0,0,0,0,0,0
2018-11-04,일,겔로라 붕 카르노 스타디움,사우디 아라비아,GK,22,알샴마리,,0,0,0,0,0,0,0,0
2018-11-04,일,겔로라 붕 카르노 스타디움,사우디 아라비아,DF,12,알 샨키티,,0,0,0,0,0,0,0,0
2018-11-04,일,겔로라 붕 카르노 스타디움,사우디 아라비아,DF,4,알마스,,0,0,0,1,0,0,0,0
2018-11-04,일,겔로라 붕 카르노 스타디움,사우디 아라비아,DF,5,알탐바크티,,0,0,0,2,0,0,0,0
2018-11-04,일,겔로라 붕 카르노 스타디움,사우디 아라비아,DF,13,알 샨케티,압둘하미드,0,0,1,2,1,0,0,0
2018-11-04,일,겔로라 붕 카르노 스타디움,사우디 아라비아,DF,2,압둘하미드,,0,0,0,2,1,0,0,0
2018-11-04,일,겔로라 붕 카르노 스타디움,사우디 아라비아,MF,23,알 카타니,알브라이칸,0,0,0,0,0,0,0,0
2018-11-04,일,겔로라 붕 카르노 스타디움,사우디 아라비아,MF,14,알 베시,,0,0,0,1,0,0,0,0
2018-11-04,일,겔로라 붕 카르노 스타디움,사우디 아라비아,MF,10,알 암마르,,1,0,3,2,0,0,2,0
2018-11-04,일,겔로라 붕 카르노 스타디움,사우디 아라비아,MF,8,알감디,,0,0,2,0,0,0,0,0
2018-11-04,일,겔로라 붕 카르노 스타디움,사우디 아라비아,MF,15,알 가샤얀,,0,0,2,2,1,0,2,0
2018-11-04,일,겔로라 붕 카르노 스타디움,사우디 아라비아,FW,9,알브라이칸,,0,0,0,0,0,0,1,1
2018-11-04,일,겔로라 붕 카르노 스타디움,사우디 아라비아,FW,11,알 간남,알 살림,1,0,3,0,0,0,4,0
2018-11-04,일,겔로라 붕 카르노 스타디움,사우디 아라비아,FW,7,알 살림,,0,0,1,1,0,0,0,0
2018-11-17,토,선코프 스타디움,대한민국,GK,1,김승규,,0,0,0,0,0,0,0,0
2018-11-17,토,선코프 스타디움,대한민국,DF,14,홍철,,0,0,0,1,1,0,0,0
2018-11-17,토,선코프 스타디움,대한민국,DF,19,김영권,,0,0,0,0,0,0,0,0
2018-11-17,토,선코프 스타디움,대한민국,DF,4,김민재,정승현 ,0,1,0,0,0,0,0,0
2018-11-17,토,선코프 스타디움,대한민국,DF,15,정승현 ,,0,0,0,0,0,0,0,0
2018-11-17,토,선코프 스타디움,대한민국,DF,2,이용,,0,0,0,1,0,0,0,0
2018-11-17,토,선코프 스타디움,대한민국,MF,17,이청용,이진현,0,0,0,1,0,0,0,0
2018-11-17,토,선코프 스타디움,대한민국,MF,8,이진현,,0,0,0,0,0,0,0,0
2018-11-17,토,선코프 스타디움,대한민국,MF,7,황인범,김정민,0,0,1,3,0,0,2,0
2018-11-17,토,선코프 스타디움,대한민국,MF,24,김정민,,0,0,0,0,0,0,0,0
2018-11-17,토,선코프 스타디움,대한민국,MF,10,남태희,,0,0,0,2,0,0,0,0
2018-11-17,토,선코프 스타디움,대한민국,MF,13,구자철,주세종,0,0,0,0,0,0,0,0
2018-11-17,토,선코프 스타디움,대한민국,MF,5,주세종,,0,0,1,0,0,0,1,0
2018-11-17,토,선코프 스타디움,대한민국,MF,18,문선민,나상호,0,0,0,0,0,0,0,0
2018-11-17,토,선코프 스타디움,대한민국,MF,26,나상호,,0,0,0,0,0,0,0,0
2018-11-17,토,선코프 스타디움,대한민국,FW,16,황의조,석현준,1,0,1,0,0,0,0,0
2018-11-17,토,선코프 스타디움,대한민국,FW,9,석현준,,0,0,1,2,0,0,0,0
2018-11-17,토,선코프 스타디움,호주,GK,1,매튜 라이언,,0,0,0,0,0,0,0,0
2018-11-17,토,선코프 스타디움,호주,DF,19,조쉬 리스돈,,0,0,1,1,0,0,0,0
2018-11-17,토,선코프 스타디움,호주,DF,20,트렌트 세인즈버리,,0,0,0,1,0,0,0,0
2018-11-17,토,선코프 스타디움,호주,DF,5,마크 밀리건,,0,0,0,1,0,0,0,0
2018-11-17,토,선코프 스타디움,호주,DF,16,아지즈 베히치,,0,0,1,0,0,0,0,0
2018-11-17,토,선코프 스타디움,호주,MF,13,아론 무이,,0,0,2,1,0,0,8,0
2018-11-17,토,선코프 스타디움,호주,MF,8,마시모 루옹고,,1,0,3,3,0,0,0,0
2018-11-17,토,선코프 스타디움,호주,MF,23,톰 로기치,,0,0,5,0,0,0,0,0
2018-11-17,토,선코프 스타디움,호주,FW,7,매슈 레키,토미 주릭,0,0,2,3,0,0,0,0
2018-11-17,토,선코프 스타디움,호주,FW,9,토미 주릭,,0,0,0,0,0,0,0,0
2018-11-17,토,선코프 스타디움,호주,FW,10,로비 크루스,아워 마빌,0,0,1,0,0,0,0,1
2018-11-17,토,선코프 스타디움,호주,FW,25,아워 마빌,,0,0,1,1,0,0,0,0
2018-11-17,토,선코프 스타디움,호주,FW,14,제이미 맥클라렌,마틴 보일,0,0,0,1,0,0,0,2
2018-11-17,토,선코프 스타디움,호주,FW,24,마틴 보일,,0,0,2,1,1,0,0,0
2018-11-20,화,QSAC경기장,대한민국,GK,23,조현우,,0,0,0,0,0,0,0,0
2018-11-20,화,QSAC경기장,대한민국,DF,6,박주호,홍철,0,0,0,3,0,0,0,0
2018-11-20,화,QSAC경기장,대한민국,DF,14,홍철,,0,0,0,0,0,0,0,0
2018-11-20,화,QSAC경기장,대한민국,DF,19,김영권,권경원,0,0,0,0,0,0,0,0
2018-11-20,화,QSAC경기장,대한민국,DF,20,권경원,,0,0,0,0,0,0,0,0
2018-11-20,화,QSAC경기장,대한민국,DF,15,정승현,박지수,0,0,0,0,0,0,0,0
2018-11-20,화,QSAC경기장,대한민국,DF,22,박지수,,0,0,0,0,0,0,0,0
2018-11-20,화,QSAC경기장,대한민국,DF,2,이용,,0,1,1,0,0,0,0,0
2018-11-20,화,QSAC경기장,대한민국,MF,17,이청용,이진현,0,0,1,0,0,0,0,0
2018-11-20,화,QSAC경기장,대한민국,MF,8,이진현,,0,0,0,0,0,0,0,0
2018-11-20,화,QSAC경기장,대한민국,MF,7,황인범,,0,0,4,3,0,0,1,0
2018-11-20,화,QSAC경기장,대한민국,MF,10,남태희,문선민,1,0,3,0,0,0,0,0
2018-11-20,화,QSAC경기장,대한민국,MF,5,주세종,,0,0,0,0,0,0,5,0
2018-11-20,화,QSAC경기장,대한민국,MF,26,나상호,,0,0,0,1,0,0,0,0
2018-11-20,화,QSAC경기장,대한민국,FW,18,문선민,,1,0,2,0,0,0,0,0
2018-11-20,화,QSAC경기장,대한민국,FW,16,황의조,석현준,1,0,4,0,0,0,0,1
2018-11-20,화,QSAC경기장,대한민국,FW,9,석현준,,1,0,2,0,0,0,0,0
2018-11-20,화,QSAC경기장,우즈베키스탄,GK,1,네스테로프,,0,0,0,0,0,0,0,0
2018-11-20,화,QSAC경기장,우즈베키스탄,DF,2,쇼라메도프,,0,0,0,1,0,0,0,0
2018-11-20,화,QSAC경기장,우즈베키스탄,DF,20,툭타후자예프,,0,0,0,0,0,0,0,1
2018-11-20,화,QSAC경기장,우즈베키스탄,DF,5,이스마일로프,,0,0,0,0,0,0,0,0
2018-11-20,화,QSAC경기장,우즈베키스탄,DF,13,조티프,,0,0,0,0,0,0,0,0
2018-11-20,화,QSAC경기장,우즈베키스탄,MF,17,캄다모프,가푸로프,0,0,0,2,0,0,0,0
2018-11-20,화,QSAC경기장,우즈베키스탄,MF,7,함로베코프,,0,0,0,0,0,0,0,0
2018-11-20,화,QSAC경기장,우즈베키스탄,MF,22,시디코프,알리베브,0,0,1,0,0,0,0,0
2018-11-20,화,QSAC경기장,우즈베키스탄,MF,8,알리베브,,0,0,0,2,0,0,0,0
2018-11-20,화,QSAC경기장,우즈베키스탄,MF,16,슈큐로프,,0,0,0,2,0,0,1,0
2018-11-20,화,QSAC경기장,우즈베키스탄,MF,15,투르군바예프,비크마예프,0,0,2,0,0,0,0,0
2018-11-20,화,QSAC경기장,우즈베키스탄,MF,10,비크마예프,,0,0,1,0,0,0,1,1
2018-11-20,화,QSAC경기장,우즈베키스탄,FW,6,가푸로프,,0,0,0,0,0,0,0,0
2018-11-20,화,QSAC경기장,우즈베키스탄,FW,14,쇼무로도프,,0,0,0,0,0,0,0,0
